level,parent_path,parent_node,parent_var,child_node,child_var,jump,jump_wt
1,1,0_1,0.9205673933029175,1_1-2,0.6664502024650574,0.2541171908378601,0.276044092683002
1,1,0_1,0.9205673933029175,1_1-0,0.9229120016098022,-0.0023446083068847656,-0.002546916525548999
1,1,0_1,0.9205673933029175,1_1-3,0.46285632252693176,0.4577110707759857,0.4972053910510097
1,1,0_1,0.9205673933029175,1_1-1,0.5947542190551758,0.3258131742477417,0.3539264768859038
2,1-2,1_1-2,0.6664502024650574,2_1-2-2,0.468641459941864,0.19780874252319336,0.2968094867276519
2,1-2,1_1-2,0.6664502024650574,2_1-2-1,0.43515539169311523,0.23129481077194214,0.3470549036018474
2,1-2,1_1-2,0.6664502024650574,2_1-2-0,0.028899921104311943,0.6375502813607454,0.9566360382254859
2,1-2,1_1-2,0.6664502024650574,2_1-2-3,0.03549208119511604,0.6309581212699413,0.9467445863714372
2,1-0,1_1-0,0.9229120016098022,2_1-0-0,0.5021029710769653,0.4208090305328369,0.45595791342927044
2,1-0,1_1-0,0.9229120016098022,2_1-0-3,0.22468873858451843,0.6982232630252838,0.7565437027662422
2,1-0,1_1-0,0.9229120016098022,2_1-0-2,0.9160633087158203,0.006848692893981934,0.007420743128311263
2,1-0,1_1-0,0.9229120016098022,2_1-0-1,0.6103246808052063,0.31258732080459595,0.33869677743854354
2,1-3,1_1-3,0.46285632252693176,2_1-3-0,0.14440730214118958,0.3184490203857422,0.6880083621785525
2,1-3,1_1-3,0.46285632252693176,2_1-3-1,0.48206016421318054,-0.01920384168624878,-0.041489854954139434
2,1-3,1_1-3,0.46285632252693176,2_1-3-2,0.4924921691417694,-0.029635846614837646,-0.0640281771523457
2,1-3,1_1-3,0.46285632252693176,2_1-3-3,0.13152778148651123,0.33132854104042053,0.7158345363666105
2,1-1,1_1-1,0.5947542190551758,2_1-1-3,0.25664979219436646,0.3381044268608093,0.568477559348668
2,1-1,1_1-1,0.5947542190551758,2_1-1-0,0.013731296174228191,0.5810229228809476,0.9769126544473419
2,1-1,1_1-1,0.5947542190551758,2_1-1-1,0.01995660364627838,0.5747976154088974,0.9664456291239407
2,1-1,1_1-1,0.5947542190551758,2_1-1-2,0.018474742770195007,0.5762794762849808,0.9689371808079917
3,1-0-3,2_1-0-3,0.22468873858451843,3_1-0-3-3,0.3576544225215912,-0.13296568393707275,-0.5917772504964981
3,1-0-3,2_1-0-3,0.22468873858451843,3_1-0-3-2,0.15599723160266876,0.06869150698184967,0.3057185127060154
3,1-0-3,2_1-0-3,0.22468873858451843,3_1-0-3-1,0.17162208259105682,0.05306665599346161,0.23617853003122438
3,1-0-3,2_1-0-3,0.22468873858451843,3_1-0-3-0,0.08115670830011368,0.14353203028440475,0.6388038456605338
3,1-0-3,2_1-0-3,0.22468873858451843,3_1-0-3-4,0.3441769480705261,-0.11948820948600769,-0.5317943847063846
3,1-3-2,2_1-3-2,0.4924921691417694,3_1-3-2-1,0.32686251401901245,0.16562965512275696,0.3363092156599928
3,1-3-2,2_1-3-2,0.4924921691417694,3_1-3-2-0,0.5092313289642334,-0.01673915982246399,-0.03398868219901672
3,1-3-2,2_1-3-2,0.4924921691417694,3_1-3-2-3,0.5369679927825928,-0.044475823640823364,-0.09030767680697985
3,1-3-2,2_1-3-2,0.4924921691417694,3_1-3-2-2,0.31194716691970825,0.18054500222206116,0.36659466593485923
3,1-2-1,2_1-2-1,0.43515539169311523,3_1-2-1-3,0.6928988099098206,-0.2577434182167053,-0.5923020216154734
3,1-2-1,2_1-2-1,0.43515539169311523,3_1-2-1-2,0.3954038619995117,0.039751529693603516,0.09135019455679294
3,1-2-1,2_1-2-1,0.43515539169311523,3_1-2-1-1,0.010944373905658722,0.4242110177874565,0.97484950407468
3,1-2-1,2_1-2-1,0.43515539169311523,3_1-2-1-0,0.026473412290215492,0.40868197940289974,0.9391633131621971
3,1-0-0,2_1-0-0,0.5021029710769653,3_1-0-0-0,0.03490062430500984,0.4672023467719555,0.9304911017950139
3,1-0-0,2_1-0-0,0.5021029710769653,3_1-0-0-1,0.03890945017337799,0.46319352090358734,0.9225070305998773
3,1-0-0,2_1-0-0,0.5021029710769653,3_1-0-0-2,0.020105386152863503,0.48199758492410183,0.9599576435292958
3,1-0-0,2_1-0-0,0.5021029710769653,3_1-0-0-3,0.10489856451749802,0.3972044065594673,0.7910815697973265
3,1-3-1,2_1-3-1,0.48206016421318054,3_1-3-1-4,0.32814642786979675,0.1539137363433838,0.31928325086683335
3,1-3-1,2_1-3-1,0.48206016421318054,3_1-3-1-2,0.538665771484375,-0.05660560727119446,-0.11742436208888206
3,1-3-1,2_1-3-1,0.48206016421318054,3_1-3-1-3,0.5119072794914246,-0.02984711527824402,-0.061915747232423844
3,1-3-1,2_1-3-1,0.48206016421318054,3_1-3-1-0,0.44029250741004944,0.041767656803131104,0.08664407454472897
3,1-3-1,2_1-3-1,0.48206016421318054,3_1-3-1-1,0.3064550757408142,0.17560508847236633,0.3642804394737517
3,1-0-1,2_1-0-1,0.6103246808052063,3_1-0-1-1,0.04298693314194679,0.5673377476632595,0.9295671066665143
3,1-0-1,2_1-0-1,0.6103246808052063,3_1-0-1-0,0.48112112283706665,0.12920355796813965,0.21169643311438816
3,1-0-1,2_1-0-1,0.6103246808052063,3_1-0-1-3,0.7147206664085388,-0.10439598560333252,-0.17104991635862088
3,1-0-1,2_1-0-1,0.6103246808052063,3_1-0-1-2,0.14671435952186584,0.46361032128334045,0.7596126059848926
3,1-1-3,2_1-1-3,0.25664979219436646,3_1-1-3-2,0.6849850416183472,-0.4283352494239807,-1.6689483586240084
3,1-1-3,2_1-1-3,0.25664979219436646,3_1-1-3-3,0.009224684908986092,0.24742510728538036,0.9640573061442417
3,1-1-3,2_1-1-3,0.25664979219436646,3_1-1-3-0,0.016226354986429214,0.24042343720793724,0.9367762784933773
3,1-1-3,2_1-1-3,0.25664979219436646,3_1-1-3-1,0.01836610771715641,0.23828368447721004,0.9284390314127067
3,1-2-2,2_1-2-2,0.468641459941864,3_1-2-2-0,0.04873683676123619,0.4199046231806278,0.89600400108159
3,1-2-2,2_1-2-2,0.468641459941864,3_1-2-2-1,0.03446487709879875,0.43417658284306526,0.926457900026442
3,1-2-2,2_1-2-2,0.468641459941864,3_1-2-2-2,0.04596047103404999,0.422680988907814,0.9019282864137725
3,1-2-2,2_1-2-2,0.468641459941864,3_1-2-2-3,0.23877178132534027,0.22986967861652374,0.4905022245471828
3,1-0-2,2_1-0-2,0.9160633087158203,3_1-0-2-2,0.5382705330848694,0.3777927756309509,0.41240902461267465
3,1-0-2,2_1-0-2,0.9160633087158203,3_1-0-2-3,0.9472967982292175,-0.031233489513397217,-0.034095339499168195
3,1-0-2,2_1-0-2,0.9160633087158203,3_1-0-2-0,0.8625208139419556,0.053542494773864746,0.058448465585771665
3,1-0-2,2_1-0-2,0.9160633087158203,3_1-0-2-1,0.7632829546928406,0.15278035402297974,0.16677925266666804
4,1-3-2-1,3_1-3-2-1,0.32686251401901245,4_1-3-2-1-4,0.29213207960128784,0.03473043441772461,0.10625395365986955
4,1-3-2-1,3_1-3-2-1,0.32686251401901245,4_1-3-2-1-0,0.3213758170604706,0.00548669695854187,0.016785947373037485
4,1-3-2-1,3_1-3-2-1,0.32686251401901245,4_1-3-2-1-1,0.3087218105792999,0.018140703439712524,0.05549949187093795
4,1-3-2-1,3_1-3-2-1,0.32686251401901245,4_1-3-2-1-2,0.0610927939414978,0.26576972007751465,0.8130932997170051
4,1-3-2-1,3_1-3-2-1,0.32686251401901245,4_1-3-2-1-3,0.19333164393901825,0.1335308700799942,0.4085230467028323
4,1-0-2-3,3_1-0-2-3,0.9472967982292175,4_1-0-2-3-3,0.8276839852333069,0.11961281299591064,0.12626751533363456
4,1-0-2-3,3_1-0-2-3,0.9472967982292175,4_1-0-2-3-2,0.9298763871192932,0.017420411109924316,0.018389602015427796
4,1-0-2-3,3_1-0-2-3,0.9472967982292175,4_1-0-2-3-1,0.9314258098602295,0.015870988368988037,0.016753976576988
4,1-0-2-3,3_1-0-2-3,0.9472967982292175,4_1-0-2-3-0,0.6143666505813599,0.33293014764785767,0.35145283745306033
4,1-0-1-0,3_1-0-1-0,0.48112112283706665,4_1-0-1-0-3,0.39958029985427856,0.08154082298278809,0.16948086274400007
4,1-0-1-0,3_1-0-1-0,0.48112112283706665,4_1-0-1-0-2,0.4116584062576294,0.06946271657943726,0.14437677599734286
4,1-0-1-0,3_1-0-1-0,0.48112112283706665,4_1-0-1-0-1,0.28654760122299194,0.1945735216140747,0.40441691785785033
4,1-0-1-0,3_1-0-1-0,0.48112112283706665,4_1-0-1-0-0,0.40771248936653137,0.07340863347053528,0.1525782801587686
4,1-0-1-0,3_1-0-1-0,0.48112112283706665,4_1-0-1-0-4,0.6123954653739929,-0.13127434253692627,-0.2728509231996093
4,1-3-1-1,3_1-3-1-1,0.3064550757408142,4_1-3-1-1-3,0.18696781992912292,0.11948725581169128,0.38990137632031974
4,1-3-1-1,3_1-3-1-1,0.3064550757408142,4_1-3-1-1-2,0.17863711714744568,0.12781795859336853,0.4170854676966459
4,1-3-1-1,3_1-3-1-1,0.3064550757408142,4_1-3-1-1-1,0.28351497650146484,0.022940099239349365,0.07485632007854574
4,1-3-1-1,3_1-3-1-1,0.3064550757408142,4_1-3-1-1-0,0.3531414270401001,-0.04668635129928589,-0.1523432143730296
4,1-3-1-1,3_1-3-1-1,0.3064550757408142,4_1-3-1-1-4,0.2562555968761444,0.0501994788646698,0.16380697478519246
4,1-3-1-4,3_1-3-1-4,0.32814642786979675,4_1-3-1-4-2,0.2914714217185974,0.03667500615119934,0.11176414867374816
4,1-3-1-4,3_1-3-1-4,0.32814642786979675,4_1-3-1-4-3,0.3148038685321808,0.013342559337615967,0.04066038269631898
4,1-3-1-4,3_1-3-1-4,0.32814642786979675,4_1-3-1-4-0,0.24937258660793304,0.07877384126186371,0.24005698240640275
4,1-3-1-4,3_1-3-1-4,0.32814642786979675,4_1-3-1-4-1,0.3248681426048279,0.003278285264968872,0.00999031220985786
4,1-3-1-4,3_1-3-1-4,0.32814642786979675,4_1-3-1-4-4,0.1761443167924881,0.15200211107730865,0.46321427925956477
4,1-0-2-0,3_1-0-2-0,0.8625208139419556,4_1-0-2-0-4,0.8236467838287354,0.038874030113220215,0.045070251621587294
4,1-0-2-0,3_1-0-2-0,0.8625208139419556,4_1-0-2-0-0,0.8030062317848206,0.05951458215713501,0.06900074896179853
4,1-0-2-0,3_1-0-2-0,0.8625208139419556,4_1-0-2-0-1,0.8402512669563293,0.02226954698562622,0.025819141550739295
4,1-0-2-0,3_1-0-2-0,0.8625208139419556,4_1-0-2-0-2,0.013858506456017494,0.8486623074859381,0.9839325541691216
4,1-0-2-0,3_1-0-2-0,0.8625208139419556,4_1-0-2-0-3,0.8232794404029846,0.03924137353897095,0.04549614676500056
4,1-0-1-3,3_1-0-1-3,0.7147206664085388,4_1-0-1-3-0,0.41783639788627625,0.2968842685222626,0.41538503428773343
4,1-0-1-3,3_1-0-1-3,0.7147206664085388,4_1-0-1-3-1,0.7117067575454712,0.003013908863067627,0.004216904596046559
4,1-0-1-3,3_1-0-1-3,0.7147206664085388,4_1-0-1-3-2,0.48454776406288147,0.23017290234565735,0.32204595888107296
4,1-0-1-3,3_1-0-1-3,0.7147206664085388,4_1-0-1-3-3,0.6481602191925049,0.06656044721603394,0.09312791744290708
4,1-2-2-3,3_1-2-2-3,0.23877178132534027,4_1-2-2-3-1,0.02195165306329727,0.216820128262043,0.9080642907572612
4,1-2-2-3,3_1-2-2-3,0.23877178132534027,4_1-2-2-3-0,0.020427584648132324,0.21834419667720795,0.9144472410653143
4,1-2-2-3,3_1-2-2-3,0.23877178132534027,4_1-2-2-3-3,0.6594498753547668,-0.4206780940294266,-1.761841754056475
4,1-2-2-3,3_1-2-2-3,0.23877178132534027,4_1-2-2-3-2,0.6595727205276489,-0.42080093920230865,-1.7623562418749275
4,1-2-2-3,3_1-2-2-3,0.23877178132534027,4_1-2-2-3-4,0.6695140600204468,-0.4307422786951065,-1.803991561750739
4,1-0-2-1,3_1-0-2-1,0.7632829546928406,4_1-0-2-1-1,0.6143186092376709,0.14896434545516968,0.19516267792867945
4,1-0-2-1,3_1-0-2-1,0.7632829546928406,4_1-0-2-1-0,0.46622762084007263,0.29705533385276794,0.3891811444581631
4,1-0-2-1,3_1-0-2-1,0.7632829546928406,4_1-0-2-1-3,0.8118723034858704,-0.048589348793029785,-0.06365837006354093
4,1-0-2-1,3_1-0-2-1,0.7632829546928406,4_1-0-2-1-2,0.73261559009552,0.030667364597320557,0.040178238500899945
4,1-0-3-3,3_1-0-3-3,0.3576544225215912,4_1-0-3-3-4,0.22215323150157928,0.1355011910200119,0.3788606612625679
4,1-0-3-3,3_1-0-3-3,0.3576544225215912,4_1-0-3-3-2,0.5280876159667969,-0.1704331934452057,-0.4765303676202042
4,1-0-3-3,3_1-0-3-3,0.3576544225215912,4_1-0-3-3-3,0.39787906408309937,-0.04022464156150818,-0.11246789925848005
4,1-0-3-3,3_1-0-3-3,0.3576544225215912,4_1-0-3-3-0,0.4218389689922333,-0.06418454647064209,-0.1794596751191224
4,1-0-3-3,3_1-0-3-3,0.3576544225215912,4_1-0-3-3-1,0.3226031959056854,0.03505122661590576,0.09800305660638031
4,1-0-1-2,3_1-0-1-2,0.14671435952186584,4_1-0-1-2-1,0.06989634782075882,0.07681801170110703,0.5235889108022743
4,1-0-1-2,3_1-0-1-2,0.14671435952186584,4_1-0-1-2-0,0.07098735123872757,0.07572700828313828,0.5161526692406149
4,1-0-1-2,3_1-0-1-2,0.14671435952186584,4_1-0-1-2-3,0.030163535848259926,0.11655082367360592,0.7944063829432835
4,1-0-1-2,3_1-0-1-2,0.14671435952186584,4_1-0-1-2-2,0.05155736580491066,0.09515699371695518,0.648586777920489
4,1-0-1-2,3_1-0-1-2,0.14671435952186584,4_1-0-1-2-4,0.10481113195419312,0.04190322756767273,0.2856109497681964
4,1-0-2-2,3_1-0-2-2,0.5382705330848694,4_1-0-2-2-2,0.0009649902349337935,0.5373055428499356,0.9982072393422627
4,1-0-2-2,3_1-0-2-2,0.5382705330848694,4_1-0-2-2-3,0.25029900670051575,0.28797152638435364,0.5349940386555565
4,1-0-2-2,3_1-0-2-2,0.5382705330848694,4_1-0-2-2-0,0.02304704301059246,0.5152234900742769,0.9571831605224457
4,1-0-2-2,3_1-0-2-2,0.5382705330848694,4_1-0-2-2-1,0.05874139070510864,0.47952914237976074,0.8908701348215046
4,1-0-0-3,3_1-0-0-3,0.10489856451749802,4_1-0-0-3-1,0.0,0.10489856451749802,1.0
4,1-0-0-3,3_1-0-0-3,0.10489856451749802,4_1-0-0-3-0,0.033169399946928024,0.07172916457056999,0.6837954828123975
4,1-0-0-3,3_1-0-0-3,0.10489856451749802,4_1-0-0-3-3,0.751627504825592,-0.646728940308094,-6.165279222674338
4,1-0-0-3,3_1-0-0-3,0.10489856451749802,4_1-0-0-3-2,0.03453175723552704,0.07036680728197098,0.6708081050073204
4,1-0-0-3,3_1-0-0-3,0.10489856451749802,4_1-0-0-3-4,0.2861191928386688,-0.1812206283211708,-1.7275796780893182
5,1-0-2-3-3,4_1-0-2-3-3,0.8276839852333069,5_1-0-2-3-3-3,0.5063236951828003,0.3213602900505066,0.3882644774864429
5,1-0-2-3-3,4_1-0-2-3-3,0.8276839852333069,5_1-0-2-3-3-2,0.4641917645931244,0.3634922206401825,0.43916787943857777
5,1-0-2-3-3,4_1-0-2-3-3,0.8276839852333069,5_1-0-2-3-3-1,0.6510738134384155,0.17661017179489136,0.21337874713754262
5,1-0-2-3-3,4_1-0-2-3-3,0.8276839852333069,5_1-0-2-3-3-0,0.5968446135520935,0.23083937168121338,0.27889795598273487
5,1-3-1-4-3,4_1-3-1-4-3,0.3148038685321808,5_1-3-1-4-3-0,0.17060844600200653,0.14419542253017426,0.45804844521926164
5,1-3-1-4-3,4_1-3-1-4-3,0.3148038685321808,5_1-3-1-4-3-1,0.3045141100883484,0.010289758443832397,0.03268625157565536
5,1-3-1-4-3,4_1-3-1-4-3,0.3148038685321808,5_1-3-1-4-3-2,0.3104425370693207,0.004361331462860107,0.01385412283271948
5,1-3-1-4-3,4_1-3-1-4-3,0.3148038685321808,5_1-3-1-4-3-3,0.287723183631897,0.027080684900283813,0.08602399019602738
5,1-3-1-4-3,4_1-3-1-4-3,0.3148038685321808,5_1-3-1-4-3-4,0.23291155695915222,0.08189231157302856,0.26013756423916734
5,1-0-2-1-2,4_1-0-2-1-2,0.73261559009552,5_1-0-2-1-2-3,0.44675591588020325,0.2858596742153168,0.39019054205227294
5,1-0-2-1-2,4_1-0-2-1-2,0.73261559009552,5_1-0-2-1-2-0,0.5511419177055359,0.18147367238998413,0.2477065392047188
5,1-0-2-1-2,4_1-0-2-1-2,0.73261559009552,5_1-0-2-1-2-1,0.682401180267334,0.050214409828186035,0.06854127936540222
5,1-0-2-1-2,4_1-0-2-1-2,0.73261559009552,5_1-0-2-1-2-2,0.5322604179382324,0.2003551721572876,0.2734792637038544
5,1-0-3-3-2,4_1-0-3-3-2,0.5280876159667969,5_1-0-3-3-2-4,0.4105819761753082,0.11750563979148865,0.22251163677899374
5,1-0-3-3-2,4_1-0-3-3-2,0.5280876159667969,5_1-0-3-3-2-1,0.4717712998390198,0.0563163161277771,0.10664199353487196
5,1-0-3-3-2,4_1-0-3-3-2,0.5280876159667969,5_1-0-3-3-2-0,0.519080400466919,0.00900721549987793,0.01705628995557482
5,1-0-3-3-2,4_1-0-3-3-2,0.5280876159667969,5_1-0-3-3-2-3,0.43588805198669434,0.09219956398010254,0.17459141474338136
5,1-0-3-3-2,4_1-0-3-3-2,0.5280876159667969,5_1-0-3-3-2-2,0.5151259899139404,0.012961626052856445,0.024544461299526855
5,1-0-2-0-3,4_1-0-2-0-3,0.8232794404029846,5_1-0-2-0-3-0,0.7732754349708557,0.050004005432128906,0.06073758553675602
5,1-0-2-0-3,4_1-0-2-0-3,0.8232794404029846,5_1-0-2-0-3-1,0.7700756788253784,0.0532037615776062,0.06462418343832764
5,1-0-2-0-3,4_1-0-2-0-3,0.8232794404029846,5_1-0-2-0-3-2,0.7895180583000183,0.03376138210296631,0.04100841153817779
5,1-0-2-0-3,4_1-0-2-0-3,0.8232794404029846,5_1-0-2-0-3-3,0.7281346917152405,0.09514474868774414,0.1155679882412368
5,1-0-2-0-3,4_1-0-2-0-3,0.8232794404029846,5_1-0-2-0-3-4,0.02477654255926609,0.7985028978437185,0.9699050634045492
5,1-0-2-1-1,4_1-0-2-1-1,0.6143186092376709,5_1-0-2-1-1-2,0.6767776608467102,-0.06245905160903931,-0.10167208134317612
5,1-0-2-1-1,4_1-0-2-1-1,0.6143186092376709,5_1-0-2-1-1-1,0.34185364842414856,0.27246496081352234,0.44352385995865157
5,1-0-2-1-1,4_1-0-2-1-1,0.6143186092376709,5_1-0-2-1-1-0,0.6987465023994446,-0.08442789316177368,-0.1374333967622162
5,1-0-2-1-1,4_1-0-2-1-1,0.6143186092376709,5_1-0-2-1-1-4,0.5887689590454102,0.025549650192260742,0.04159022664797048
5,1-0-2-1-1,4_1-0-2-1-1,0.6143186092376709,5_1-0-2-1-1-3,0.6972057819366455,-0.08288717269897461,-0.13492538147563551
5,1-0-2-3-2,4_1-0-2-3-2,0.9298763871192932,5_1-0-2-3-2-1,0.80937260389328,0.12050378322601318,0.12959118533951314
5,1-0-2-3-2,4_1-0-2-3-2,0.9298763871192932,5_1-0-2-3-2-2,0.04447697103023529,0.8853994160890579,0.9521689424031698
5,1-0-2-3-2,4_1-0-2-3-2,0.9298763871192932,5_1-0-2-3-2-3,0.5020326375961304,0.42784374952316284,0.46010819873445724
5,1-0-2-3-2,4_1-0-2-3-2,0.9298763871192932,5_1-0-2-3-2-0,0.9387284517288208,-0.008852064609527588,-0.009519614361808676
5,1-0-1-3-3,4_1-0-1-3-3,0.6481602191925049,5_1-0-1-3-3-1,0.6127060055732727,0.03545421361923218,0.054699768003969716
5,1-0-1-3-3,4_1-0-1-3-3,0.6481602191925049,5_1-0-1-3-3-2,0.470689594745636,0.1774706244468689,0.27380672122699307
5,1-0-1-3-3,4_1-0-1-3-3,0.6481602191925049,5_1-0-1-3-3-3,0.3373088240623474,0.31085139513015747,0.47959036350213585
5,1-0-1-3-3,4_1-0-1-3-3,0.6481602191925049,5_1-0-1-3-3-0,0.2637345790863037,0.38442564010620117,0.5931027988498412
5,1-0-2-2-3,4_1-0-2-2-3,0.25029900670051575,5_1-0-2-2-3-3,0.006658876780420542,0.2436401299200952,0.9733963116026748
5,1-0-2-2-3,4_1-0-2-2-3,0.25029900670051575,5_1-0-2-2-3-0,0.0009097270085476339,0.2493892796919681,0.9963654389981814
5,1-0-2-2-3,4_1-0-2-2-3,0.25029900670051575,5_1-0-2-2-3-1,0.13737131655216217,0.11292769014835358,0.451171147808318
5,1-0-2-2-3,4_1-0-2-2-3,0.25029900670051575,5_1-0-2-2-3-2,0.22264663875102997,0.02765236794948578,0.11047733794074541
5,1-0-2-0-4,4_1-0-2-0-4,0.8236467838287354,5_1-0-2-0-4-4,0.7717851996421814,0.051861584186553955,0.06296580670839816
5,1-0-2-0-4,4_1-0-2-0-4,0.8236467838287354,5_1-0-2-0-4-1,0.8065885305404663,0.017058253288269043,0.02071064153128053
5,1-0-2-0-4,4_1-0-2-0-4,0.8236467838287354,5_1-0-2-0-4-0,0.7335448861122131,0.09010189771652222,0.10939385606252487
5,1-0-2-0-4,4_1-0-2-0-4,0.8236467838287354,5_1-0-2-0-4-3,0.7348287105560303,0.08881807327270508,0.10783514853276405
5,1-0-2-0-4,4_1-0-2-0-4,0.8236467838287354,5_1-0-2-0-4-2,0.7056139707565308,0.11803281307220459,0.14330513442124687
5,1-0-2-1-0,4_1-0-2-1-0,0.46622762084007263,5_1-0-2-1-0-0,0.3895246684551239,0.07670295238494873,0.16451825022022817
5,1-0-2-1-0,4_1-0-2-1-0,0.46622762084007263,5_1-0-2-1-0-1,0.2508923411369324,0.21533527970314026,0.4618672727178587
5,1-0-2-1-0,4_1-0-2-1-0,0.46622762084007263,5_1-0-2-1-0-2,0.23823733627796173,0.2279902845621109,0.4890106771265641
5,1-0-2-1-0,4_1-0-2-1-0,0.46622762084007263,5_1-0-2-1-0-3,0.467645525932312,-0.0014179050922393799,-0.003041229281277944
5,1-0-2-3-1,4_1-0-2-3-1,0.9314258098602295,5_1-0-2-3-1-1,0.8704602718353271,0.060965538024902344,0.06545399255583317
5,1-0-2-3-1,4_1-0-2-3-1,0.9314258098602295,5_1-0-2-3-1-0,0.9329781532287598,-0.0015523433685302734,-0.0016666312572583954
5,1-0-2-3-1,4_1-0-2-3-1,0.9314258098602295,5_1-0-2-3-1-3,0.8005258440971375,0.13089996576309204,0.14053718973359242
5,1-0-2-3-1,4_1-0-2-3-1,0.9314258098602295,5_1-0-2-3-1-2,0.7452718615531921,0.18615394830703735,0.19985912601559944
5,1-3-1-1-0,4_1-3-1-1-0,0.3531414270401001,5_1-3-1-1-0-1,0.3190569281578064,0.0340844988822937,0.09651798478580459
5,1-3-1-1-0,4_1-3-1-1-0,0.3531414270401001,5_1-3-1-1-0-2,0.35933929681777954,-0.006197869777679443,-0.017550673195234213
5,1-3-1-1-0,4_1-3-1-1-0,0.3531414270401001,5_1-3-1-1-0-3,0.3518543541431427,0.0012870728969573975,0.0036446386586392967
5,1-3-1-1-0,4_1-3-1-1-0,0.3531414270401001,5_1-3-1-1-0-4,0.2930195927619934,0.06012183427810669,0.1702486020460004
5,1-3-1-1-0,4_1-3-1-1-0,0.3531414270401001,5_1-3-1-1-0-0,0.18991424143314362,0.16322718560695648,0.46221477603198796
5,1-2-2-3-2,4_1-2-2-3-2,0.6595727205276489,5_1-2-2-3-2-3,0.5300636887550354,0.12950903177261353,0.1963529232515986
5,1-2-2-3-2,4_1-2-2-3-2,0.6595727205276489,5_1-2-2-3-2-0,0.3217279613018036,0.33784475922584534,0.5122176049906586
5,1-2-2-3-2,4_1-2-2-3-2,0.6595727205276489,5_1-2-2-3-2-1,0.42167872190475464,0.2378939986228943,0.3606789535391676
5,1-2-2-3-2,4_1-2-2-3-2,0.6595727205276489,5_1-2-2-3-2-4,0.5283963084220886,0.1311764121055603,0.19888089368011008
5,1-2-2-3-2,4_1-2-2-3-2,0.6595727205276489,5_1-2-2-3-2-2,0.6464196443557739,0.013153076171875,0.019941813483966897
5,1-0-1-3-1,4_1-0-1-3-1,0.7117067575454712,5_1-0-1-3-1-4,0.6999493837356567,0.011757373809814453,0.016519969334509613
5,1-0-1-3-1,4_1-0-1-3-1,0.7117067575454712,5_1-0-1-3-1-2,0.6826648116111755,0.029041945934295654,0.04080605618310453
5,1-0-1-3-1,4_1-0-1-3-1,0.7117067575454712,5_1-0-1-3-1-3,0.6040665507316589,0.10764020681381226,0.1512423560302293
5,1-0-1-3-1,4_1-0-1-3-1,0.7117067575454712,5_1-0-1-3-1-0,0.5697690844535828,0.14193767309188843,0.19943280232634292
5,1-0-1-3-1,4_1-0-1-3-1,0.7117067575454712,5_1-0-1-3-1-1,0.6818587183952332,0.029848039150238037,0.04193867605413461
5,1-0-3-3-0,4_1-0-3-3-0,0.4218389689922333,5_1-0-3-3-0-4,0.40683823823928833,0.015000730752944946,0.03556032480541439
5,1-0-3-3-0,4_1-0-3-3-0,0.4218389689922333,5_1-0-3-3-0-3,0.20357781648635864,0.21826115250587463,0.5174039587364276
5,1-0-3-3-0,4_1-0-3-3-0,0.4218389689922333,5_1-0-3-3-0-2,0.38068094849586487,0.04115802049636841,0.0975680852688747
5,1-0-3-3-0,4_1-0-3-3-0,0.4218389689922333,5_1-0-3-3-0-1,0.39808332920074463,0.023755639791488647,0.05631447433185346
5,1-0-3-3-0,4_1-0-3-3-0,0.4218389689922333,5_1-0-3-3-0-0,0.39840424060821533,0.023434728384017944,0.055553730467346685
5,1-0-1-0-4,4_1-0-1-0-4,0.6123954653739929,5_1-0-1-0-4-4,0.5909281373023987,0.02146732807159424,0.03505468163204643
5,1-0-1-0-4,4_1-0-1-0-4,0.6123954653739929,5_1-0-1-0-4-2,0.43478724360466003,0.17760822176933289,0.2900221046882943
5,1-0-1-0-4,4_1-0-1-0-4,0.6123954653739929,5_1-0-1-0-4-3,0.5992618799209595,0.013133585453033447,0.021446248699788627
5,1-0-1-0-4,4_1-0-1-0-4,0.6123954653739929,5_1-0-1-0-4-0,0.5860216617584229,0.02637380361557007,0.04306662133669369
5,1-0-1-0-4,4_1-0-1-0-4,0.6123954653739929,5_1-0-1-0-4-1,0.5758770704269409,0.036518394947052,0.05963204662978691
5,1-0-2-3-0,4_1-0-2-3-0,0.6143666505813599,5_1-0-2-3-0-2,0.10288675129413605,0.5114798992872238,0.8325320047942432
5,1-0-2-3-0,4_1-0-2-3-0,0.6143666505813599,5_1-0-2-3-0-3,0.5180033445358276,0.09636330604553223,0.15684983218790607
5,1-0-2-3-0,4_1-0-2-3-0,0.6143666505813599,5_1-0-2-3-0-0,0.24501389265060425,0.3693527579307556,0.6011927203100076
5,1-0-2-3-0,4_1-0-2-3-0,0.6143666505813599,5_1-0-2-3-0-1,0.18056310713291168,0.4338035434484482,0.7060987816281217
5,1-0-1-3-2,4_1-0-1-3-2,0.48454776406288147,5_1-0-1-3-2-3,0.415596604347229,0.06895115971565247,0.14230002660110186
5,1-0-1-3-2,4_1-0-1-3-2,0.48454776406288147,5_1-0-1-3-2-2,0.12360958755016327,0.3609381765127182,0.7448970014561412
5,1-0-1-3-2,4_1-0-1-3-2,0.48454776406288147,5_1-0-1-3-2-1,0.0,0.48454776406288147,1.0
5,1-0-1-3-2,4_1-0-1-3-2,0.48454776406288147,5_1-0-1-3-2-0,0.36585190892219543,0.11869585514068604,0.2449621357148239
6,1-0-2-0-4-2,5_1-0-2-0-4-2,0.7056139707565308,6_1-0-2-0-4-2-4,0.6533147096633911,0.05229926109313965,0.07411880044986424
6,1-0-2-0-4-2,5_1-0-2-0-4-2,0.7056139707565308,6_1-0-2-0-4-2-3,0.7543730735778809,-0.0487591028213501,-0.06910166867738256
6,1-0-2-0-4-2,5_1-0-2-0-4-2,0.7056139707565308,6_1-0-2-0-4-2-0,0.5694577693939209,0.13615620136260986,0.19296131738523925
6,1-0-2-0-4-2,5_1-0-2-0-4-2,0.7056139707565308,6_1-0-2-0-4-2-2,0.6987751722335815,0.006838798522949219,0.00969198287785733
6,1-0-2-0-4-2,5_1-0-2-0-4-2,0.7056139707565308,6_1-0-2-0-4-2-1,0.6373465657234192,0.06826740503311157,0.09674894186111142
6,1-3-1-1-0-2,5_1-3-1-1-0-2,0.35933929681777954,6_1-3-1-1-0-2-0,0.3432016670703888,0.016137629747390747,0.04490917049791556
6,1-3-1-1-0-2,5_1-3-1-1-0-2,0.35933929681777954,6_1-3-1-1-0-2-3,0.17629015445709229,0.18304914236068726,0.5094047435995046
6,1-3-1-1-0-2,5_1-3-1-1-0-2,0.35933929681777954,6_1-3-1-1-0-2-1,0.3078592121601105,0.05148008465766907,0.14326316412806514
6,1-3-1-1-0-2,5_1-3-1-1-0-2,0.35933929681777954,6_1-3-1-1-0-2-2,0.18878059089183807,0.17055870592594147,0.47464529328233074
6,1-0-2-3-1-3,5_1-0-2-3-1-3,0.8005258440971375,6_1-0-2-3-1-3-1,0.6447010040283203,0.15582484006881714,0.19465310360412177
6,1-0-2-3-1-3,5_1-0-2-3-1-3,0.8005258440971375,6_1-0-2-3-1-3-3,0.675544023513794,0.1249818205833435,0.1561246541943972
6,1-0-2-3-1-3,5_1-0-2-3-1-3,0.8005258440971375,6_1-0-2-3-1-3-0,0.4778357744216919,0.32269006967544556,0.4030976289583596
6,1-0-2-3-1-3,5_1-0-2-3-1-3,0.8005258440971375,6_1-0-2-3-1-3-2,0.11819029599428177,0.6823355481028557,0.8523591750775003
6,1-0-2-0-3-3,5_1-0-2-0-3-3,0.7281346917152405,6_1-0-2-0-3-3-4,0.6864519119262695,0.04168277978897095,0.05724597421773757
6,1-0-2-0-3-3,5_1-0-2-0-3-3,0.7281346917152405,6_1-0-2-0-3-3-3,0.6278765201568604,0.10025817155838013,0.13769179342657825
6,1-0-2-0-3-3,5_1-0-2-0-3-3,0.7281346917152405,6_1-0-2-0-3-3-0,0.7733520865440369,-0.04521739482879639,-0.06210031652561343
6,1-0-2-0-3-3,5_1-0-2-0-3-3,0.7281346917152405,6_1-0-2-0-3-3-2,0.6844466924667358,0.04368799924850464,0.05999988703407388
6,1-0-2-0-3-3,5_1-0-2-0-3-3,0.7281346917152405,6_1-0-2-0-3-3-1,0.6544584035873413,0.07367628812789917,0.10118497163532013
6,1-0-2-3-2-1,5_1-0-2-3-2-1,0.80937260389328,6_1-0-2-3-2-1-0,0.2441679686307907,0.5652046352624893,0.6983243966298301
6,1-0-2-3-2-1,5_1-0-2-3-2-1,0.80937260389328,6_1-0-2-3-2-1-2,0.7418132424354553,0.06755936145782471,0.08347127285115367
6,1-0-2-3-2-1,5_1-0-2-3-2-1,0.80937260389328,6_1-0-2-3-2-1-1,0.12754087150096893,0.6818317323923111,0.8424200783576486
6,1-0-2-3-2-1,5_1-0-2-3-2-1,0.80937260389328,6_1-0-2-3-2-1-3,0.2214941531419754,0.5878784507513046,0.7263384600905264
6,1-0-2-2-3-1,5_1-0-2-2-3-1,0.13737131655216217,6_1-0-2-2-3-1-0,0.004705967381596565,0.1326653491705656,0.9657427219909505
6,1-0-2-2-3-1,5_1-0-2-2-3-1,0.13737131655216217,6_1-0-2-2-3-1-2,0.32976412773132324,-0.19239281117916107,-1.4005311735227224
6,1-0-2-2-3-1,5_1-0-2-2-3-1,0.13737131655216217,6_1-0-2-2-3-1-1,3.3035576052498072e-06,0.13736801299455692,0.9999759516201187
6,1-0-2-2-3-1,5_1-0-2-2-3-1,0.13737131655216217,6_1-0-2-2-3-1-3,0.6682080030441284,-0.5308366864919662,-3.8642469171531797
6,1-0-2-1-0-0,5_1-0-2-1-0-0,0.3895246684551239,6_1-0-2-1-0-0-0,0.15025824308395386,0.23926642537117004,0.6142523047901273
6,1-0-2-1-0-0,5_1-0-2-1-0-0,0.3895246684551239,6_1-0-2-1-0-0-3,0.2318963259458542,0.15762834250926971,0.40466844663377116
6,1-0-2-1-0-0,5_1-0-2-1-0-0,0.3895246684551239,6_1-0-2-1-0-0-1,0.37908852100372314,0.010436147451400757,0.026792006505752478
6,1-0-2-1-0-0,5_1-0-2-1-0-0,0.3895246684551239,6_1-0-2-1-0-0-2,0.18633116781711578,0.20319350063800812,0.5216447560147721
6,1-0-2-3-1-2,5_1-0-2-3-1-2,0.7452718615531921,6_1-0-2-3-1-2-2,0.6033578515052795,0.1419140100479126,0.19041911733009095
6,1-0-2-3-1-2,5_1-0-2-3-1-2,0.7452718615531921,6_1-0-2-3-1-2-0,0.7970613241195679,-0.05178946256637573,-0.06949069894902958
6,1-0-2-3-1-2,5_1-0-2-3-1-2,0.7452718615531921,6_1-0-2-3-1-2-3,0.659724771976471,0.08554708957672119,0.11478642088866178
6,1-0-2-3-1-2,5_1-0-2-3-1-2,0.7452718615531921,6_1-0-2-3-1-2-1,0.6762415170669556,0.06903034448623657,0.09262438050776949
6,1-0-2-3-1-2,5_1-0-2-3-1-2,0.7452718615531921,6_1-0-2-3-1-2-4,0.6533746719360352,0.09189718961715698,0.12330693584169086
6,1-0-1-3-3-1,5_1-0-1-3-3-1,0.6127060055732727,6_1-0-1-3-3-1-1,0.5709865689277649,0.04171943664550781,0.06809046470251814
6,1-0-1-3-3-1,5_1-0-1-3-3-1,0.6127060055732727,6_1-0-1-3-3-1-4,0.6107198596000671,0.0019861459732055664,0.0032415970386111153
6,1-0-1-3-3-1,5_1-0-1-3-3-1,0.6127060055732727,6_1-0-1-3-3-1-2,0.5195145606994629,0.09319144487380981,0.15209814172886407
6,1-0-1-3-3-1,5_1-0-1-3-3-1,0.6127060055732727,6_1-0-1-3-3-1-0,0.36559945344924927,0.24710655212402344,0.40330362339572706
6,1-0-1-3-3-1,5_1-0-1-3-3-1,0.6127060055732727,6_1-0-1-3-3-1-3,0.5103408098220825,0.10236519575119019,0.16707065839090826
6,1-0-2-1-1-1,5_1-0-2-1-1-1,0.34185364842414856,6_1-0-2-1-1-1-1,0.3181906044483185,0.023663043975830078,0.0692198081983627
6,1-0-2-1-1-1,5_1-0-2-1-1-1,0.34185364842414856,6_1-0-2-1-1-1-3,0.21165843307971954,0.13019521534442902,0.38085074108348177
6,1-0-2-1-1-1,5_1-0-2-1-1-1,0.34185364842414856,6_1-0-2-1-1-1-0,0.3446338474750519,-0.0027801990509033203,-0.008132717213109394
6,1-0-2-1-1-1,5_1-0-2-1-1-1,0.34185364842414856,6_1-0-2-1-1-1-2,0.3277724087238312,0.014081239700317383,0.041190842236811076
6,1-0-2-1-1-1,5_1-0-2-1-1-1,0.34185364842414856,6_1-0-2-1-1-1-4,0.2676845192909241,0.07416912913322449,0.21696164272379073
6,1-0-1-3-1-2,5_1-0-1-3-1-2,0.6826648116111755,6_1-0-1-3-1-2-1,0.6775945425033569,0.0050702691078186035,0.007427172195754642
6,1-0-1-3-1-2,5_1-0-1-3-1-2,0.6826648116111755,6_1-0-1-3-1-2-3,0.5369410514831543,0.14572376012802124,0.21346311930754813
6,1-0-1-3-1-2,5_1-0-1-3-1-2,0.6826648116111755,6_1-0-1-3-1-2-0,0.5460736751556396,0.1365911364555359,0.2000852162471411
6,1-0-1-3-1-2,5_1-0-1-3-1-2,0.6826648116111755,6_1-0-1-3-1-2-2,0.6091448664665222,0.07351994514465332,0.10769552479369329
6,1-0-2-0-4-4,5_1-0-2-0-4-4,0.7717851996421814,6_1-0-2-0-4-4-2,0.7137945294380188,0.0579906702041626,0.07513835485708782
6,1-0-2-0-4-4,5_1-0-2-0-4-4,0.7717851996421814,6_1-0-2-0-4-4-0,0.7209874391555786,0.05079776048660278,0.06581852115090296
6,1-0-2-0-4-4,5_1-0-2-0-4-4,0.7717851996421814,6_1-0-2-0-4-4-3,0.6629468202590942,0.10883837938308716,0.14102159439381232
6,1-0-2-0-4-4,5_1-0-2-0-4-4,0.7717851996421814,6_1-0-2-0-4-4-1,0.05049214884638786,0.7212930507957935,0.934577459026427
6,1-0-2-0-4-4,5_1-0-2-0-4-4,0.7717851996421814,6_1-0-2-0-4-4-4,0.7409681677818298,0.030817031860351562,0.03992954500117273
6,1-0-2-3-3-2,5_1-0-2-3-3-2,0.4641917645931244,6_1-0-2-3-3-2-0,0.6355992555618286,-0.17140749096870422,-0.36926008611752764
6,1-0-2-3-3-2,5_1-0-2-3-3-2,0.4641917645931244,6_1-0-2-3-3-2-2,0.36721107363700867,0.09698069095611572,0.20892376460216114
6,1-0-2-3-3-2,5_1-0-2-3-3-2,0.4641917645931244,6_1-0-2-3-3-2-1,0.332937628030777,0.1312541365623474,0.28275843428070063
6,1-0-2-3-3-2,5_1-0-2-3-3-2,0.4641917645931244,6_1-0-2-3-3-2-4,0.4532296359539032,0.010962128639221191,0.023615517282668228
6,1-0-2-3-3-2,5_1-0-2-3-3-2,0.4641917645931244,6_1-0-2-3-3-2-3,0.41947269439697266,0.04471907019615173,0.09633749154371385
6,1-0-2-0-4-1,5_1-0-2-0-4-1,0.8065885305404663,6_1-0-2-0-4-1-2,0.8040058612823486,0.0025826692581176758,0.0032019662570544126
6,1-0-2-0-4-1,5_1-0-2-0-4-1,0.8065885305404663,6_1-0-2-0-4-1-4,0.7744158506393433,0.03217267990112305,0.039887351087877825
6,1-0-2-0-4-1,5_1-0-2-0-4-1,0.8065885305404663,6_1-0-2-0-4-1-1,0.7791710495948792,0.027417480945587158,0.03399190529924307
6,1-0-2-0-4-1,5_1-0-2-0-4-1,0.8065885305404663,6_1-0-2-0-4-1-3,0.7039941549301147,0.10259437561035156,0.12719543078750042
6,1-0-2-0-4-1,5_1-0-2-0-4-1,0.8065885305404663,6_1-0-2-0-4-1-0,0.7501543164253235,0.05643421411514282,0.0699665467314893
6,1-0-2-3-2-3,5_1-0-2-3-2-3,0.5020326375961304,6_1-0-2-3-2-3-2,0.7224881052970886,-0.22045546770095825,-0.43912576830972455
6,1-0-2-3-2-3,5_1-0-2-3-2-3,0.5020326375961304,6_1-0-2-3-2-3-0,0.024126116186380386,0.47790652140975,0.9519431320204542
6,1-0-2-3-2-3,5_1-0-2-3-2-3,0.5020326375961304,6_1-0-2-3-2-3-3,0.18518467247486115,0.3168479651212692,0.631130212247602
6,1-0-2-3-2-3,5_1-0-2-3-2-3,0.5020326375961304,6_1-0-2-3-2-3-1,0.13199293613433838,0.370039701461792,0.7370829578603562
6,1-0-2-0-3-0,5_1-0-2-0-3-0,0.7732754349708557,6_1-0-2-0-3-0-2,0.782525360584259,-0.00924992561340332,-0.011962006285317914
6,1-0-2-0-3-0,5_1-0-2-0-3-0,0.7732754349708557,6_1-0-2-0-3-0-4,0.6865667104721069,0.08670872449874878,0.11213174578863581
6,1-0-2-0-3-0,5_1-0-2-0-3-0,0.7732754349708557,6_1-0-2-0-3-0-1,0.6887012124061584,0.08457422256469727,0.10937140731476207
6,1-0-2-0-3-0,5_1-0-2-0-3-0,0.7732754349708557,6_1-0-2-0-3-0-3,0.7092633843421936,0.06401205062866211,0.08278040104956222
6,1-0-2-0-3-0,5_1-0-2-0-3-0,0.7732754349708557,6_1-0-2-0-3-0-0,0.6589657664299011,0.11430966854095459,0.14782529403027378
6,1-0-2-1-1-0,5_1-0-2-1-1-0,0.6987465023994446,6_1-0-2-1-1-0-2,0.6006370186805725,0.09810948371887207,0.14040783514761254
6,1-0-2-1-1-0,5_1-0-2-1-1-0,0.6987465023994446,6_1-0-2-1-1-0-0,0.6886181831359863,0.010128319263458252,0.014494983844181462
6,1-0-2-1-1-0,5_1-0-2-1-1-0,0.6987465023994446,6_1-0-2-1-1-0-3,0.6249114871025085,0.07383501529693604,0.10566781378281247
6,1-0-2-1-1-0,5_1-0-2-1-1-0,0.6987465023994446,6_1-0-2-1-1-0-1,0.5780634880065918,0.12068301439285278,0.17271358636992973
6,1-0-2-1-1-0,5_1-0-2-1-1-0,0.6987465023994446,6_1-0-2-1-1-0-4,0.6969984769821167,0.0017480254173278809,0.0025016589153939073
6,1-0-2-3-0-0,5_1-0-2-3-0-0,0.24501389265060425,6_1-0-2-3-0-0-2,0.6850354075431824,-0.4400215148925781,-1.795904347024352
6,1-0-2-3-0-0,5_1-0-2-3-0-0,0.24501389265060425,6_1-0-2-3-0-0-1,0.08892697840929031,0.15608691424131393,0.637053321967737
6,1-0-2-3-0-0,5_1-0-2-3-0-0,0.24501389265060425,6_1-0-2-3-0-0-3,0.1481931358575821,0.09682075679302216,0.39516435474575684
6,1-0-2-3-0-0,5_1-0-2-3-0-0,0.24501389265060425,6_1-0-2-3-0-0-0,0.11985678970813751,0.12515710294246674,0.5108163524463644
6,1-0-2-3-3-1,5_1-0-2-3-3-1,0.6510738134384155,6_1-0-2-3-3-1-1,0.33784398436546326,0.31322982907295227,0.4810972621041844
6,1-0-2-3-3-1,5_1-0-2-3-3-1,0.6510738134384155,6_1-0-2-3-3-1-3,0.4488978087902069,0.20217600464820862,0.3105270101104017
6,1-0-2-3-3-1,5_1-0-2-3-3-1,0.6510738134384155,6_1-0-2-3-3-1-0,0.7431484460830688,-0.09207463264465332,-0.1414196528015676
6,1-0-2-3-3-1,5_1-0-2-3-3-1,0.6510738134384155,6_1-0-2-3-3-1-2,0.3022024631500244,0.3488713502883911,0.5358399356379436
6,1-0-2-0-4-0,5_1-0-2-0-4-0,0.7335448861122131,6_1-0-2-0-4-0-1,0.7381003499031067,-0.004555463790893555,-0.0062102045520861125
6,1-0-2-0-4-0,5_1-0-2-0-4-0,0.7335448861122131,6_1-0-2-0-4-0-4,0.7109754085540771,0.022569477558135986,0.030767684412271193
6,1-0-2-0-4-0,5_1-0-2-0-4-0,0.7335448861122131,6_1-0-2-0-4-0-2,0.5923707485198975,0.14117413759231567,0.19245466809882406
6,1-0-2-0-4-0,5_1-0-2-0-4-0,0.7335448861122131,6_1-0-2-0-4-0-0,0.6685665249824524,0.06497836112976074,0.08858130205793673
6,1-0-2-0-4-0,5_1-0-2-0-4-0,0.7335448861122131,6_1-0-2-0-4-0-3,0.7498852014541626,-0.016340315341949463,-0.022275822040765784
6,1-0-2-2-3-2,5_1-0-2-2-3-2,0.22264663875102997,6_1-0-2-2-3-2-1,0.003208211623132229,0.21943842712789774,0.9855905679010958
6,1-0-2-2-3-2,5_1-0-2-2-3-2,0.22264663875102997,6_1-0-2-2-3-2-3,0.007499730214476585,0.21514690853655338,0.966315547108425
6,1-0-2-2-3-2,5_1-0-2-2-3-2,0.22264663875102997,6_1-0-2-2-3-2-0,0.06943225860595703,0.15321438014507294,0.6881504297776612
6,1-0-2-2-3-2,5_1-0-2-2-3-2,0.22264663875102997,6_1-0-2-2-3-2-2,0.05953144282102585,0.16311519593000412,0.7326191711001051
6,1-0-2-3-1-1,5_1-0-2-3-1-1,0.8704602718353271,6_1-0-2-3-1-1-0,0.731978714466095,0.13848155736923218,0.15909003759269785
6,1-0-2-3-1-1,5_1-0-2-3-1-1,0.8704602718353271,6_1-0-2-3-1-1-3,0.684971034526825,0.1854892373085022,0.21309328330103602
6,1-0-2-3-1-1,5_1-0-2-3-1-1,0.8704602718353271,6_1-0-2-3-1-1-1,0.6514873504638672,0.21897292137145996,0.25155992577325237
6,1-0-2-3-1-1,5_1-0-2-3-1-1,0.8704602718353271,6_1-0-2-3-1-1-2,0.7574113011360168,0.1130489706993103,0.12987263676141306
6,1-0-2-3-3-0,5_1-0-2-3-3-0,0.5968446135520935,6_1-0-2-3-3-0-2,0.364682137966156,0.2321624755859375,0.388983112713765
6,1-0-2-3-3-0,5_1-0-2-3-3-0,0.5968446135520935,6_1-0-2-3-3-0-0,0.7576323747634888,-0.16078776121139526,-0.26939635134591267
6,1-0-2-3-3-0,5_1-0-2-3-3-0,0.5968446135520935,6_1-0-2-3-3-0-3,0.46859079599380493,0.12825381755828857,0.2148864455607496
6,1-0-2-3-3-0,5_1-0-2-3-3-0,0.5968446135520935,6_1-0-2-3-3-0-1,0.5867795944213867,0.010065019130706787,0.016863717795500045
6,1-0-2-0-4-3,5_1-0-2-0-4-3,0.7348287105560303,6_1-0-2-0-4-3-3,0.7689871191978455,-0.034158408641815186,-0.04648485851344621
6,1-0-2-0-4-3,5_1-0-2-0-4-3,0.7348287105560303,6_1-0-2-0-4-3-1,0.6265534162521362,0.10827529430389404,0.1473476644944429
6,1-0-2-0-4-3,5_1-0-2-0-4-3,0.7348287105560303,6_1-0-2-0-4-3-2,0.051513586193323135,0.6833151243627071,0.9298971509233168
6,1-0-2-0-4-3,5_1-0-2-0-4-3,0.7348287105560303,6_1-0-2-0-4-3-0,0.685702383518219,0.04912632703781128,0.06685412033048949
6,1-0-2-1-0-3,5_1-0-2-1-0-3,0.467645525932312,6_1-0-2-1-0-3-2,0.23726077377796173,0.23038475215435028,0.49264825466906453
6,1-0-2-1-0-3,5_1-0-2-1-0-3,0.467645525932312,6_1-0-2-1-0-3-0,0.5043846964836121,-0.03673917055130005,-0.07856200586556612
6,1-0-2-1-0-3,5_1-0-2-1-0-3,0.467645525932312,6_1-0-2-1-0-3-3,0.28828537464141846,0.17936015129089355,0.38353868762737725
6,1-0-2-1-0-3,5_1-0-2-1-0-3,0.467645525932312,6_1-0-2-1-0-3-1,0.4388217628002167,0.028823763132095337,0.06163592194030174
6,1-0-2-3-1-0,5_1-0-2-3-1-0,0.9329781532287598,6_1-0-2-3-1-0-0,0.8912209868431091,0.041757166385650635,0.04475685335304102
6,1-0-2-3-1-0,5_1-0-2-3-1-0,0.9329781532287598,6_1-0-2-3-1-0-2,0.7658727765083313,0.16710537672042847,0.17910963524936407
6,1-0-2-3-1-0,5_1-0-2-3-1-0,0.9329781532287598,6_1-0-2-3-1-0-1,0.9338787198066711,-0.000900566577911377,-0.0009652600918840211
6,1-0-2-3-1-0,5_1-0-2-3-1-0,0.9329781532287598,6_1-0-2-3-1-0-4,0.697760820388794,0.23521733283996582,0.2521145131061736
6,1-0-2-3-1-0,5_1-0-2-3-1-0,0.9329781532287598,6_1-0-2-3-1-0-3,0.7954502105712891,0.1375279426574707,0.14740746305958763
6,1-0-2-0-3-2,5_1-0-2-0-3-2,0.7895180583000183,6_1-0-2-0-3-2-3,0.7629669904708862,0.02655106782913208,0.03362946236632199
6,1-0-2-0-3-2,5_1-0-2-0-3-2,0.7895180583000183,6_1-0-2-0-3-2-4,0.6646645069122314,0.12485355138778687,0.15813894321381347
6,1-0-2-0-3-2,5_1-0-2-0-3-2,0.7895180583000183,6_1-0-2-0-3-2-1,0.6923555731773376,0.09716248512268066,0.12306556398708583
6,1-0-2-0-3-2,5_1-0-2-0-3-2,0.7895180583000183,6_1-0-2-0-3-2-2,0.7160826325416565,0.07343542575836182,0.09301297796339475
6,1-0-2-0-3-2,5_1-0-2-0-3-2,0.7895180583000183,6_1-0-2-0-3-2-0,0.7957905530929565,-0.006272494792938232,-0.00794471352111198
6,1-0-2-3-2-0,5_1-0-2-3-2-0,0.9387284517288208,6_1-0-2-3-2-0-0,0.8387251496315002,0.10000330209732056,0.10653059669508072
6,1-0-2-3-2-0,5_1-0-2-3-2-0,0.9387284517288208,6_1-0-2-3-2-0-3,0.9383235573768616,0.0004048943519592285,0.0004313221264504659
6,1-0-2-3-2-0,5_1-0-2-3-2-0,0.9387284517288208,6_1-0-2-3-2-0-1,0.06270705163478851,0.8760214000940323,0.9332000095242631
6,1-0-2-3-2-0,5_1-0-2-3-2-0,0.9387284517288208,6_1-0-2-3-2-0-2,0.7375684380531311,0.2011600136756897,0.2142898868200073
6,1-0-1-3-1-1,5_1-0-1-3-1-1,0.6818587183952332,6_1-0-1-3-1-1-0,0.5827126502990723,0.09914606809616089,0.1454055883152788
6,1-0-1-3-1-1,5_1-0-1-3-1-1,0.6818587183952332,6_1-0-1-3-1-1-2,0.6665472388267517,0.015311479568481445,0.022455501638986578
6,1-0-1-3-1-1,5_1-0-1-3-1-1,0.6818587183952332,6_1-0-1-3-1-1-1,0.5962136387825012,0.08564507961273193,0.12560531573798628
6,1-0-1-3-1-1,5_1-0-1-3-1-1,0.6818587183952332,6_1-0-1-3-1-1-4,0.5678905248641968,0.11396819353103638,0.1671434132268083
6,1-0-1-3-1-1,5_1-0-1-3-1-1,0.6818587183952332,6_1-0-1-3-1-1-3,0.4599514603614807,0.22190725803375244,0.3254446295795927
6,1-0-2-1-1-3,5_1-0-2-1-1-3,0.6972057819366455,6_1-0-2-1-1-3-0,0.5735411643981934,0.12366461753845215,0.17737176131119556
6,1-0-2-1-1-3,5_1-0-2-1-1-3,0.6972057819366455,6_1-0-2-1-1-3-3,0.6921278834342957,0.0050778985023498535,0.007283213412609475
6,1-0-2-1-1-3,5_1-0-2-1-1-3,0.6972057819366455,6_1-0-2-1-1-3-4,0.5927205085754395,0.10448527336120605,0.14986288993613156
6,1-0-2-1-1-3,5_1-0-2-1-1-3,0.6972057819366455,6_1-0-2-1-1-3-1,0.5923320651054382,0.10487371683120728,0.150420033149893
6,1-0-2-1-1-3,5_1-0-2-1-1-3,0.6972057819366455,6_1-0-2-1-1-3-2,0.6469229459762573,0.050282835960388184,0.07212050912818928
7,1-0-2-3-1-0-0,6_1-0-2-3-1-0-0,0.8912209868431091,7_1-0-2-3-1-0-0-3,0.6017027497291565,0.28951823711395264,0.3248557219680011
7,1-0-2-3-1-0-0,6_1-0-2-3-1-0-0,0.8912209868431091,7_1-0-2-3-1-0-0-4,0.7634548544883728,0.12776613235473633,0.1433607761048252
7,1-0-2-3-1-0-0,6_1-0-2-3-1-0-0,0.8912209868431091,7_1-0-2-3-1-0-0-1,0.6981168389320374,0.19310414791107178,0.21667369907332074
7,1-0-2-3-1-0-0,6_1-0-2-3-1-0-0,0.8912209868431091,7_1-0-2-3-1-0-0-2,0.6409509778022766,0.2502700090408325,0.28081700581058033
7,1-0-2-3-1-0-0,6_1-0-2-3-1-0-0,0.8912209868431091,7_1-0-2-3-1-0-0-0,0.874539852142334,0.016681134700775146,0.018717169980324643
7,1-0-2-0-3-2-1,6_1-0-2-0-3-2-1,0.6923555731773376,7_1-0-2-0-3-2-1-4,0.24518649280071259,0.44716908037662506,0.6458662249579216
7,1-0-2-0-3-2-1,6_1-0-2-0-3-2-1,0.6923555731773376,7_1-0-2-0-3-2-1-1,0.6384668350219727,0.05388873815536499,0.0778339053559725
7,1-0-2-0-3-2-1,6_1-0-2-0-3-2-1,0.6923555731773376,7_1-0-2-0-3-2-1-3,0.5757372975349426,0.11661827564239502,0.16843697105984703
7,1-0-2-0-3-2-1,6_1-0-2-0-3-2-1,0.6923555731773376,7_1-0-2-0-3-2-1-0,0.7129662036895752,-0.02061063051223755,-0.029768851888707783
7,1-0-2-0-3-2-1,6_1-0-2-0-3-2-1,0.6923555731773376,7_1-0-2-0-3-2-1-2,0.6377823352813721,0.054573237895965576,0.07882255882699073
7,1-0-2-3-1-0-1,6_1-0-2-3-1-0-1,0.9338787198066711,7_1-0-2-3-1-0-1-2,0.6691075563430786,0.26477116346359253,0.2835177179306588
7,1-0-2-3-1-0-1,6_1-0-2-3-1-0-1,0.9338787198066711,7_1-0-2-3-1-0-1-0,0.9401406645774841,-0.006261944770812988,-0.0067053083425108115
7,1-0-2-3-1-0-1,6_1-0-2-3-1-0-1,0.9338787198066711,7_1-0-2-3-1-0-1-3,0.7081952095031738,0.22568351030349731,0.24166254730616163
7,1-0-2-3-1-0-1,6_1-0-2-3-1-0-1,0.9338787198066711,7_1-0-2-3-1-0-1-1,0.7263220548629761,0.20755666494369507,0.22225226953095456
7,1-0-2-3-0-0-3,6_1-0-2-3-0-0-3,0.1481931358575821,7_1-0-2-3-0-0-3-2,0.07834644615650177,0.06984668970108032,0.4713220305170208
7,1-0-2-3-0-0-3,6_1-0-2-3-0-0-3,0.1481931358575821,7_1-0-2-3-0-0-3-0,0.3841027617454529,-0.2359096258878708,-1.5919065651906226
7,1-0-2-3-0-0-3,6_1-0-2-3-0-0-3,0.1481931358575821,7_1-0-2-3-0-0-3-3,0.08947204053401947,0.05872109532356262,0.396247066260851
7,1-0-2-3-0-0-3,6_1-0-2-3-0-0-3,0.1481931358575821,7_1-0-2-3-0-0-3-4,1.8088709783509183e-13,0.1481931358574012,0.9999999999987794
7,1-0-2-3-0-0-3,6_1-0-2-3-0-0-3,0.1481931358575821,7_1-0-2-3-0-0-3-1,0.09970885515213013,0.048484280705451965,0.3271695441551812
7,1-0-2-0-3-2-3,6_1-0-2-0-3-2-3,0.7629669904708862,7_1-0-2-0-3-2-3-3,0.6890700459480286,0.07389694452285767,0.09685470727540928
7,1-0-2-0-3-2-3,6_1-0-2-0-3-2-3,0.7629669904708862,7_1-0-2-0-3-2-3-4,0.7228386402130127,0.040128350257873535,0.052595132894422095
7,1-0-2-0-3-2-3,6_1-0-2-0-3-2-3,0.7629669904708862,7_1-0-2-0-3-2-3-1,0.691128134727478,0.0718388557434082,0.09415722651260557
7,1-0-2-0-3-2-3,6_1-0-2-0-3-2-3,0.7629669904708862,7_1-0-2-0-3-2-3-2,0.6529929041862488,0.10997408628463745,0.14414003182072646
7,1-0-2-0-3-2-3,6_1-0-2-0-3-2-3,0.7629669904708862,7_1-0-2-0-3-2-3-0,0.7091378569602966,0.0538291335105896,0.0705523753752013
7,1-0-2-0-4-3-1,6_1-0-2-0-4-3-1,0.6265534162521362,7_1-0-2-0-4-3-1-4,0.6554178595542908,-0.02886444330215454,-0.0460686073261134
7,1-0-2-0-4-3-1,6_1-0-2-0-4-3-1,0.6265534162521362,7_1-0-2-0-4-3-1-1,0.5370196104049683,0.08953380584716797,0.14289891895049212
7,1-0-2-0-4-3-1,6_1-0-2-0-4-3-1,0.6265534162521362,7_1-0-2-0-4-3-1-3,0.5996763110160828,0.026877105236053467,0.04289674996399292
7,1-0-2-0-4-3-1,6_1-0-2-0-4-3-1,0.6265534162521362,7_1-0-2-0-4-3-1-0,0.5145450234413147,0.11200839281082153,0.17876910396694312
7,1-0-2-0-4-3-1,6_1-0-2-0-4-3-1,0.6265534162521362,7_1-0-2-0-4-3-1-2,0.5252391695976257,0.1013142466545105,0.16170089257599682
7,1-0-2-0-4-4-4,6_1-0-2-0-4-4-4,0.7409681677818298,7_1-0-2-0-4-4-4-2,0.653741717338562,0.08722645044326782,0.11771956507172211
7,1-0-2-0-4-4-4,6_1-0-2-0-4-4-4,0.7409681677818298,7_1-0-2-0-4-4-4-0,0.7232621908187866,0.017705976963043213,0.0238957322769317
7,1-0-2-0-4-4-4,6_1-0-2-0-4-4-4,0.7409681677818298,7_1-0-2-0-4-4-4-3,0.740532636642456,0.0004355311393737793,0.0005877865720974086
7,1-0-2-0-4-4-4,6_1-0-2-0-4-4-4,0.7409681677818298,7_1-0-2-0-4-4-4-4,0.6568494439125061,0.08411872386932373,0.11352542191001597
7,1-0-2-0-4-4-4,6_1-0-2-0-4-4-4,0.7409681677818298,7_1-0-2-0-4-4-4-1,0.6331016421318054,0.10786652565002441,0.14557511420893396
7,1-0-2-0-4-3-3,6_1-0-2-0-4-3-3,0.7689871191978455,7_1-0-2-0-4-3-3-3,0.7695301175117493,-0.0005429983139038086,-0.0007061214685497296
7,1-0-2-0-4-3-3,6_1-0-2-0-4-3-3,0.7689871191978455,7_1-0-2-0-4-3-3-4,0.7186369299888611,0.050350189208984375,0.06547598516540333
7,1-0-2-0-4-3-3,6_1-0-2-0-4-3-3,0.7689871191978455,7_1-0-2-0-4-3-3-1,0.709376871585846,0.05961024761199951,0.07751787529832857
7,1-0-2-0-4-3-3,6_1-0-2-0-4-3-3,0.7689871191978455,7_1-0-2-0-4-3-3-2,0.6592559218406677,0.10973119735717773,0.1426957547372728
7,1-0-2-0-4-3-3,6_1-0-2-0-4-3-3,0.7689871191978455,7_1-0-2-0-4-3-3-0,0.7590625882148743,0.009924530982971191,0.012905978182474345
7,1-0-2-0-3-3-2,6_1-0-2-0-3-3-2,0.6844466924667358,7_1-0-2-0-3-3-2-2,0.6864868998527527,-0.0020402073860168457,-0.002980812689245335
7,1-0-2-0-3-3-2,6_1-0-2-0-3-3-2,0.6844466924667358,7_1-0-2-0-3-3-2-0,0.6383058428764343,0.046140849590301514,0.06741335753119146
7,1-0-2-0-3-3-2,6_1-0-2-0-3-3-2,0.6844466924667358,7_1-0-2-0-3-3-2-3,0.585856020450592,0.0985906720161438,0.14404433990443355
7,1-0-2-0-3-3-2,6_1-0-2-0-3-3-2,0.6844466924667358,7_1-0-2-0-3-3-2-4,0.6450459957122803,0.039400696754455566,0.05756576397857375
7,1-0-2-0-3-3-2,6_1-0-2-0-3-3-2,0.6844466924667358,7_1-0-2-0-3-3-2-1,0.0878567323088646,0.5965899601578712,0.8716383127044851
7,1-0-2-0-3-3-3,6_1-0-2-0-3-3-3,0.6278765201568604,7_1-0-2-0-3-3-3-3,0.5802018642425537,0.04767465591430664,0.07592998684262987
7,1-0-2-0-3-3-3,6_1-0-2-0-3-3-3,0.6278765201568604,7_1-0-2-0-3-3-3-1,0.5489841103553772,0.07889240980148315,0.12564956208550962
7,1-0-2-0-3-3-3,6_1-0-2-0-3-3-3,0.6278765201568604,7_1-0-2-0-3-3-3-4,0.6458073854446411,-0.01793086528778076,-0.028557948437538564
7,1-0-2-0-3-3-3,6_1-0-2-0-3-3-3,0.6278765201568604,7_1-0-2-0-3-3-3-2,0.6225683093070984,0.005308210849761963,0.008454227351001802
7,1-0-2-0-3-3-3,6_1-0-2-0-3-3-3,0.6278765201568604,7_1-0-2-0-3-3-3-0,0.49665123224258423,0.13122528791427612,0.20899855895470104
7,1-0-2-0-4-4-0,6_1-0-2-0-4-4-0,0.7209874391555786,7_1-0-2-0-4-4-0-3,0.6916648745536804,0.029322564601898193,0.040670007561075985
7,1-0-2-0-4-4-0,6_1-0-2-0-4-4-0,0.7209874391555786,7_1-0-2-0-4-4-0-4,0.7109320759773254,0.010055363178253174,0.013946655145656945
7,1-0-2-0-4-4-0,6_1-0-2-0-4-4-0,0.7209874391555786,7_1-0-2-0-4-4-0-1,0.6352364420890808,0.0857509970664978,0.11893549375413458
7,1-0-2-0-4-4-0,6_1-0-2-0-4-4-0,0.7209874391555786,7_1-0-2-0-4-4-0-2,0.6219697594642639,0.0990176796913147,0.137336206310729
7,1-0-2-0-4-4-0,6_1-0-2-0-4-4-0,0.7209874391555786,7_1-0-2-0-4-4-0-0,0.6053363084793091,0.11565113067626953,0.16040658185629458
7,1-0-2-1-0-3-1,6_1-0-2-1-0-3-1,0.4388217628002167,7_1-0-2-1-0-3-1-0,0.426062673330307,0.012759089469909668,0.02907579010779036
7,1-0-2-1-0-3-1,6_1-0-2-1-0-3-1,0.4388217628002167,7_1-0-2-1-0-3-1-2,0.16381420195102692,0.27500756084918976,0.6266953559784888
7,1-0-2-1-0-3-1,6_1-0-2-1-0-3-1,0.4388217628002167,7_1-0-2-1-0-3-1-1,0.3553984761238098,0.08342328667640686,0.1901074507883675
7,1-0-2-1-0-3-1,6_1-0-2-1-0-3-1,0.4388217628002167,7_1-0-2-1-0-3-1-4,0.21282264590263367,0.225999116897583,0.5150134657302174
7,1-0-2-1-0-3-1,6_1-0-2-1-0-3-1,0.4388217628002167,7_1-0-2-1-0-3-1-3,0.30974555015563965,0.12907621264457703,0.2941426875023558
7,1-0-2-0-4-2-2,6_1-0-2-0-4-2-2,0.6987751722335815,7_1-0-2-0-4-2-2-2,0.6561982035636902,0.04257696866989136,0.060930854961256456
7,1-0-2-0-4-2-2,6_1-0-2-0-4-2-2,0.6987751722335815,7_1-0-2-0-4-2-2-0,0.577521026134491,0.12125414609909058,0.173523832725068
7,1-0-2-0-4-2-2,6_1-0-2-0-4-2-2,0.6987751722335815,7_1-0-2-0-4-2-2-3,0.6545677781105042,0.04420739412307739,0.06326411681424203
7,1-0-2-0-4-2-2,6_1-0-2-0-4-2-2,0.6987751722335815,7_1-0-2-0-4-2-2-4,0.6076374650001526,0.09113770723342896,0.13042493616668466
7,1-0-2-0-4-2-2,6_1-0-2-0-4-2-2,0.6987751722335815,7_1-0-2-0-4-2-2-1,0.7034967541694641,-0.004721581935882568,-0.006756940033788538
7,1-0-2-0-4-2-3,6_1-0-2-0-4-2-3,0.7543730735778809,7_1-0-2-0-4-2-3-3,0.7165669798851013,0.03780609369277954,0.0501159108363595
7,1-0-2-0-4-2-3,6_1-0-2-0-4-2-3,0.7543730735778809,7_1-0-2-0-4-2-3-1,0.6688807606697083,0.08549231290817261,0.11332895605975847
7,1-0-2-0-4-2-3,6_1-0-2-0-4-2-3,0.7543730735778809,7_1-0-2-0-4-2-3-4,0.7326046824455261,0.021768391132354736,0.028856267402427884
7,1-0-2-0-4-2-3,6_1-0-2-0-4-2-3,0.7543730735778809,7_1-0-2-0-4-2-3-2,0.7333366870880127,0.021036386489868164,0.027885919085228836
7,1-0-2-0-4-2-3,6_1-0-2-0-4-2-3,0.7543730735778809,7_1-0-2-0-4-2-3-0,0.5996310114860535,0.1547420620918274,0.2051267038971957
7,1-0-2-3-3-1-3,6_1-0-2-3-3-1-3,0.4488978087902069,7_1-0-2-3-3-1-3-2,0.18589048087596893,0.263007327914238,0.5858957712960342
7,1-0-2-3-3-1-3,6_1-0-2-3-3-1-3,0.4488978087902069,7_1-0-2-3-3-1-3-0,0.40090566873550415,0.04799214005470276,0.10691105885333461
7,1-0-2-3-3-1-3,6_1-0-2-3-3-1-3,0.4488978087902069,7_1-0-2-3-3-1-3-3,0.3731094002723694,0.07578840851783752,0.16883220865365675
7,1-0-2-3-3-1-3,6_1-0-2-3-3-1-3,0.4488978087902069,7_1-0-2-3-3-1-3-1,0.24068647623062134,0.20821133255958557,0.46382791023355935
7,1-0-2-3-3-1-1,6_1-0-2-3-3-1-1,0.33784398436546326,7_1-0-2-3-3-1-1-0,0.41323184967041016,-0.0753878653049469,-0.22314402148240106
7,1-0-2-3-3-1-1,6_1-0-2-3-3-1-1,0.33784398436546326,7_1-0-2-3-3-1-1-2,0.16481927037239075,0.1730247139930725,0.5121438356170426
7,1-0-2-3-3-1-1,6_1-0-2-3-3-1-1,0.33784398436546326,7_1-0-2-3-3-1-1-1,0.2899787724018097,0.047865211963653564,0.14167844975411875
7,1-0-2-3-3-1-1,6_1-0-2-3-3-1-1,0.33784398436546326,7_1-0-2-3-3-1-1-3,0.1857084035873413,0.15213558077812195,0.4503131262315124
7,1-0-2-3-3-1-0,6_1-0-2-3-3-1-0,0.7431484460830688,7_1-0-2-3-3-1-0-1,0.6815170049667358,0.06163144111633301,0.08293288028949719
7,1-0-2-3-3-1-0,6_1-0-2-3-3-1-0,0.7431484460830688,7_1-0-2-3-3-1-0-4,0.5477625727653503,0.1953858733177185,0.2629163451091686
7,1-0-2-3-3-1-0,6_1-0-2-3-3-1-0,0.7431484460830688,7_1-0-2-3-3-1-0-3,0.7534630298614502,-0.010314583778381348,-0.013879573903096593
7,1-0-2-3-3-1-0,6_1-0-2-3-3-1-0,0.7431484460830688,7_1-0-2-3-3-1-0-0,0.5972959995269775,0.1458524465560913,0.19626286958526182
7,1-0-2-3-3-1-0,6_1-0-2-3-3-1-0,0.7431484460830688,7_1-0-2-3-3-1-0-2,0.6162946224212646,0.1268538236618042,0.17069782535429606
7,1-0-2-1-0-0-1,6_1-0-2-1-0-0-1,0.37908852100372314,7_1-0-2-1-0-0-1-2,0.2673003077507019,0.11178821325302124,0.2948868326506867
7,1-0-2-1-0-0-1,6_1-0-2-1-0-0-1,0.37908852100372314,7_1-0-2-1-0-0-1-0,0.3166728615760803,0.06241565942764282,0.16464666158284919
7,1-0-2-1-0-0-1,6_1-0-2-1-0-0-1,0.37908852100372314,7_1-0-2-1-0-0-1-3,0.36094751954078674,0.0181410014629364,0.04785426215202711
7,1-0-2-1-0-0-1,6_1-0-2-1-0-0-1,0.37908852100372314,7_1-0-2-1-0-0-1-1,0.21804927289485931,0.16103924810886383,0.4248064480625152
7,1-0-2-0-4-2-4,6_1-0-2-0-4-2-4,0.6533147096633911,7_1-0-2-0-4-2-4-4,0.5948610305786133,0.05845367908477783,0.08947246743440854
7,1-0-2-0-4-2-4,6_1-0-2-0-4-2-4,0.6533147096633911,7_1-0-2-0-4-2-4-1,0.6711255311965942,-0.017810821533203125,-0.02726223865735372
7,1-0-2-0-4-2-4,6_1-0-2-0-4-2-4,0.6533147096633911,7_1-0-2-0-4-2-4-3,0.4608438014984131,0.19247090816497803,0.29460672677054106
7,1-0-2-0-4-2-4,6_1-0-2-0-4-2-4,0.6533147096633911,7_1-0-2-0-4-2-4-0,0.6603869199752808,-0.0070722103118896484,-0.01082512027860735
7,1-0-2-0-4-2-4,6_1-0-2-0-4-2-4,0.6533147096633911,7_1-0-2-0-4-2-4-2,0.5912030339241028,0.06211167573928833,0.09507160151237108
7,1-0-2-3-1-3-3,6_1-0-2-3-1-3-3,0.675544023513794,7_1-0-2-3-1-3-3-2,0.5758800506591797,0.09966397285461426,0.1475314256148981
7,1-0-2-3-1-3-3,6_1-0-2-3-1-3-3,0.675544023513794,7_1-0-2-3-1-3-3-0,0.5556325316429138,0.11991149187088013,0.17750359369204255
7,1-0-2-3-1-3-3,6_1-0-2-3-1-3-3,0.675544023513794,7_1-0-2-3-1-3-3-3,0.7752975225448608,-0.0997534990310669,-0.1476639501778229
7,1-0-2-3-1-3-3,6_1-0-2-3-1-3-3,0.675544023513794,7_1-0-2-3-1-3-3-1,0.4857121407985687,0.18983188271522522,0.2810059390768173
7,1-0-2-3-1-3-1,6_1-0-2-3-1-3-1,0.6447010040283203,7_1-0-2-3-1-3-1-0,0.7600365281105042,-0.11533552408218384,-0.17889769577141437
7,1-0-2-3-1-3-1,6_1-0-2-3-1-3-1,0.6447010040283203,7_1-0-2-3-1-3-1-2,0.05374564975500107,0.5909553542733192,0.9166347664744134
7,1-0-2-3-1-3-1,6_1-0-2-3-1-3-1,0.6447010040283203,7_1-0-2-3-1-3-1-1,0.44236111640930176,0.20233988761901855,0.31385074066075164
7,1-0-2-3-1-3-1,6_1-0-2-3-1-3-1,0.6447010040283203,7_1-0-2-3-1-3-1-3,0.2721068263053894,0.3725941777229309,0.577933298373712
7,1-0-2-3-2-0-0,6_1-0-2-3-2-0-0,0.8387251496315002,7_1-0-2-3-2-0-0-2,0.7513360381126404,0.08738911151885986,0.10419278777708631
7,1-0-2-3-2-0-0,6_1-0-2-3-2-0-0,0.8387251496315002,7_1-0-2-3-2-0-0-0,0.21807104349136353,0.6206541061401367,0.739997013816535
7,1-0-2-3-2-0-0,6_1-0-2-3-2-0-0,0.8387251496315002,7_1-0-2-3-2-0-0-3,0.6609850525856018,0.17774009704589844,0.2119169755717827
7,1-0-2-3-2-0-0,6_1-0-2-3-2-0-0,0.8387251496315002,7_1-0-2-3-2-0-0-1,0.24143511056900024,0.5972900390625,0.7121403708055297
7,1-0-2-3-3-0-2,6_1-0-2-3-3-0-2,0.364682137966156,7_1-0-2-3-3-0-2-3,0.2811155617237091,0.0835665762424469,0.22914907954774089
7,1-0-2-3-3-0-2,6_1-0-2-3-3-0-2,0.364682137966156,7_1-0-2-3-3-0-2-4,0.1424551159143448,0.22222702205181122,0.6093718307432836
7,1-0-2-3-3-0-2,6_1-0-2-3-3-0-2,0.364682137966156,7_1-0-2-3-3-0-2-1,0.3561886250972748,0.008493512868881226,0.02329018063854133
7,1-0-2-3-3-0-2,6_1-0-2-3-3-0-2,0.364682137966156,7_1-0-2-3-3-0-2-2,0.11758296191692352,0.24709917604923248,0.6775741126980129
7,1-0-2-3-3-0-2,6_1-0-2-3-3-0-2,0.364682137966156,7_1-0-2-3-3-0-2-0,0.314506471157074,0.05017566680908203,0.1375873989576603
7,1-0-2-0-3-0-3,6_1-0-2-0-3-0-3,0.7092633843421936,7_1-0-2-0-3-0-3-4,0.6874803900718689,0.021782994270324707,0.030712137058262704
7,1-0-2-0-3-0-3,6_1-0-2-0-3-0-3,0.7092633843421936,7_1-0-2-0-3-0-3-1,0.6953815221786499,0.013881862163543701,0.019572224465553702
7,1-0-2-0-3-0-3,6_1-0-2-0-3-0-3,0.7092633843421936,7_1-0-2-0-3-0-3-3,0.5999729633331299,0.10929042100906372,0.15409003682098313
7,1-0-2-0-3-0-3,6_1-0-2-0-3-0-3,0.7092633843421936,7_1-0-2-0-3-0-3-0,0.7104768753051758,-0.0012134909629821777,-0.0017109172555236727
7,1-0-2-0-3-0-3,6_1-0-2-0-3-0-3,0.7092633843421936,7_1-0-2-0-3-0-3-2,0.642306923866272,0.06695646047592163,0.09440281558876806
7,1-0-2-3-1-2-1,6_1-0-2-3-1-2-1,0.6762415170669556,7_1-0-2-3-1-2-1-0,0.6795905232429504,-0.003349006175994873,-0.004952381791819628
7,1-0-2-3-1-2-1,6_1-0-2-3-1-2-1,0.6762415170669556,7_1-0-2-3-1-2-1-2,0.7348201870918274,-0.058578670024871826,-0.08662388887175035
7,1-0-2-3-1-2-1,6_1-0-2-3-1-2-1,0.6762415170669556,7_1-0-2-3-1-2-1-1,0.572130024433136,0.10411149263381958,0.15395607930932664
7,1-0-2-3-1-2-1,6_1-0-2-3-1-2-1,0.6762415170669556,7_1-0-2-3-1-2-1-3,0.5598204135894775,0.11642110347747803,0.1721590593585975
7,1-0-2-0-4-1-3,6_1-0-2-0-4-1-3,0.7039941549301147,7_1-0-2-0-4-1-3-4,0.6540188193321228,0.04997533559799194,0.07098828200207569
7,1-0-2-0-4-1-3,6_1-0-2-0-4-1-3,0.7039941549301147,7_1-0-2-0-4-1-3-1,0.5143003463745117,0.18969380855560303,0.2694536697885423
7,1-0-2-0-4-1-3,6_1-0-2-0-4-1-3,0.7039941549301147,7_1-0-2-0-4-1-3-3,0.7165074348449707,-0.012513279914855957,-0.017774692910764504
7,1-0-2-0-4-1-3,6_1-0-2-0-4-1-3,0.7039941549301147,7_1-0-2-0-4-1-3-0,0.7247609496116638,-0.020766794681549072,-0.029498532816100702
7,1-0-2-0-4-1-3,6_1-0-2-0-4-1-3,0.7039941549301147,7_1-0-2-0-4-1-3-2,0.6290442943572998,0.07494986057281494,0.10646375406377513
7,1-0-2-0-3-0-0,6_1-0-2-0-3-0-0,0.6589657664299011,7_1-0-2-0-3-0-0-2,0.6705597043037415,-0.011593937873840332,-0.01759414291982596
7,1-0-2-0-3-0-0,6_1-0-2-0-3-0-0,0.6589657664299011,7_1-0-2-0-3-0-0-0,0.6125137805938721,0.04645198583602905,0.07049225954133155
7,1-0-2-0-3-0-0,6_1-0-2-0-3-0-0,0.6589657664299011,7_1-0-2-0-3-0-0-3,0.609325647354126,0.049640119075775146,0.07533034583072794
7,1-0-2-0-3-0-0,6_1-0-2-0-3-0-0,0.6589657664299011,7_1-0-2-0-3-0-0-1,0.5488736629486084,0.11009210348129272,0.16706801641266142
7,1-0-2-0-3-0-0,6_1-0-2-0-3-0-0,0.6589657664299011,7_1-0-2-0-3-0-0-4,0.5892393589019775,0.06972640752792358,0.1058118814057405
7,1-0-2-0-4-1-2,6_1-0-2-0-4-1-2,0.8040058612823486,7_1-0-2-0-4-1-2-0,0.6583957672119141,0.14561009407043457,0.1811057618885935
7,1-0-2-0-4-1-2,6_1-0-2-0-4-1-2,0.8040058612823486,7_1-0-2-0-4-1-2-2,0.78415846824646,0.019847393035888672,0.024685632271676583
7,1-0-2-0-4-1-2,6_1-0-2-0-4-1-2,0.8040058612823486,7_1-0-2-0-4-1-2-1,0.836599588394165,-0.032593727111816406,-0.04053916604517169
7,1-0-2-0-4-1-2,6_1-0-2-0-4-1-2,0.8040058612823486,7_1-0-2-0-4-1-2-4,0.7744908928871155,0.029514968395233154,0.036709892074864074
7,1-0-2-0-4-1-2,6_1-0-2-0-4-1-2,0.8040058612823486,7_1-0-2-0-4-1-2-3,0.7308469414710999,0.07315891981124878,0.09099301800432649
7,1-0-2-0-4-1-0,6_1-0-2-0-4-1-0,0.7501543164253235,7_1-0-2-0-4-1-0-2,0.7104406952857971,0.03971362113952637,0.05294060204675205
7,1-0-2-0-4-1-0,6_1-0-2-0-4-1-0,0.7501543164253235,7_1-0-2-0-4-1-0-0,0.707270622253418,0.04288369417190552,0.05716649659000464
7,1-0-2-0-4-1-0,6_1-0-2-0-4-1-0,0.7501543164253235,7_1-0-2-0-4-1-0-3,0.1573590636253357,0.5927952527999878,0.790231076220168
7,1-0-2-0-4-1-0,6_1-0-2-0-4-1-0,0.7501543164253235,7_1-0-2-0-4-1-0-1,0.7249302268028259,0.02522408962249756,0.03362520093558453
7,1-0-2-0-4-1-0,6_1-0-2-0-4-1-0,0.7501543164253235,7_1-0-2-0-4-1-0-4,0.6406843662261963,0.1094699501991272,0.14592990775655257
7,1-0-1-3-1-2-1,6_1-0-1-3-1-2-1,0.6775945425033569,7_1-0-1-3-1-2-1-3,0.6209447979927063,0.056649744510650635,0.08360419241477285
7,1-0-1-3-1-2-1,6_1-0-1-3-1-2-1,0.6775945425033569,7_1-0-1-3-1-2-1-4,0.6740419864654541,0.003552556037902832,0.005242893522692787
7,1-0-1-3-1-2-1,6_1-0-1-3-1-2-1,0.6775945425033569,7_1-0-1-3-1-2-1-1,0.6108328700065613,0.06676167249679565,0.09852746489094531
7,1-0-1-3-1-2-1,6_1-0-1-3-1-2-1,0.6775945425033569,7_1-0-1-3-1-2-1-2,0.4736451208591461,0.20394942164421082,0.3009903546311405
7,1-0-1-3-1-2-1,6_1-0-1-3-1-2-1,0.6775945425033569,7_1-0-1-3-1-2-1-0,0.6241042613983154,0.053490281105041504,0.07894142846461386
7,1-0-2-3-2-0-3,6_1-0-2-3-2-0-3,0.9383235573768616,7_1-0-2-3-2-0-3-1,0.6681528091430664,0.27017074823379517,0.28792919682105533
7,1-0-2-3-2-0-3,6_1-0-2-3-2-0-3,0.9383235573768616,7_1-0-2-3-2-0-3-3,0.37667933106422424,0.5616442263126373,0.5985613618001306
7,1-0-2-3-2-0-3,6_1-0-2-3-2-0-3,0.9383235573768616,7_1-0-2-3-2-0-3-0,0.8871000409126282,0.0512235164642334,0.05459046195901948
7,1-0-2-3-2-0-3,6_1-0-2-3-2-0-3,0.9383235573768616,7_1-0-2-3-2-0-3-2,0.9319913983345032,0.0063321590423583984,0.006748374793083443
7,1-0-2-3-1-1-1,6_1-0-2-3-1-1-1,0.6514873504638672,7_1-0-2-3-1-1-1-2,0.5126312375068665,0.13885611295700073,0.21313708218299776
7,1-0-2-3-1-1-1,6_1-0-2-3-1-1-1,0.6514873504638672,7_1-0-2-3-1-1-1-0,0.48086482286453247,0.17062252759933472,0.26189691553926464
7,1-0-2-3-1-1-1,6_1-0-2-3-1-1-1,0.6514873504638672,7_1-0-2-3-1-1-1-3,0.5984199047088623,0.05306744575500488,0.08145583443365431
7,1-0-2-3-1-1-1,6_1-0-2-3-1-1-1,0.6514873504638672,7_1-0-2-3-1-1-1-1,0.7626679539680481,-0.11118060350418091,-0.17065658055374203
7,1-0-2-3-2-0-2,6_1-0-2-3-2-0-2,0.7375684380531311,7_1-0-2-3-2-0-2-0,0.8232743144035339,-0.08570587635040283,-0.1162005746566788
7,1-0-2-3-2-0-2,6_1-0-2-3-2-0-2,0.7375684380531311,7_1-0-2-3-2-0-2-2,0.5277805924415588,0.20978784561157227,0.28443170123347944
7,1-0-2-3-2-0-2,6_1-0-2-3-2-0-2,0.7375684380531311,7_1-0-2-3-2-0-2-1,0.502863883972168,0.23470455408096313,0.3182139337476044
7,1-0-2-3-2-0-2,6_1-0-2-3-2-0-2,0.7375684380531311,7_1-0-2-3-2-0-2-3,0.6436150074005127,0.09395343065261841,0.12738266146612204
7,1-0-2-3-1-1-0,6_1-0-2-3-1-1-0,0.731978714466095,7_1-0-2-3-1-1-0-3,0.6557438373565674,0.07623487710952759,0.10414903548818805
7,1-0-2-3-1-1-0,6_1-0-2-3-1-1-0,0.731978714466095,7_1-0-2-3-1-1-0-1,0.8047146797180176,-0.07273596525192261,-0.0993689622586583
7,1-0-2-3-1-1-0,6_1-0-2-3-1-1-0,0.731978714466095,7_1-0-2-3-1-1-0-2,0.5396067500114441,0.19237196445465088,0.26281087230107086
7,1-0-2-3-1-1-0,6_1-0-2-3-1-1-0,0.731978714466095,7_1-0-2-3-1-1-0-0,0.22865021228790283,0.5033285021781921,0.6876272386490361
7,1-0-2-0-4-1-4,6_1-0-2-0-4-1-4,0.7744158506393433,7_1-0-2-0-4-1-4-3,0.6731280088424683,0.101287841796875,0.13079257315466059
7,1-0-2-0-4-1-4,6_1-0-2-0-4-1-4,0.7744158506393433,7_1-0-2-0-4-1-4-1,0.7316214442253113,0.04279440641403198,0.05526024083662766
7,1-0-2-0-4-1-4,6_1-0-2-0-4-1-4,0.7744158506393433,7_1-0-2-0-4-1-4-4,0.7321245670318604,0.04229128360748291,0.05461056042766689
7,1-0-2-0-4-1-4,6_1-0-2-0-4-1-4,0.7744158506393433,7_1-0-2-0-4-1-4-2,0.7533990144729614,0.021016836166381836,0.027138954024547312
7,1-0-2-0-4-1-4,6_1-0-2-0-4-1-4,0.7744158506393433,7_1-0-2-0-4-1-4-0,0.7044834494590759,0.06993240118026733,0.09030342176303914
7,1-0-2-3-1-1-3,6_1-0-2-3-1-1-3,0.684971034526825,7_1-0-2-3-1-1-3-0,0.678826630115509,0.006144404411315918,0.008970312760101521
7,1-0-2-3-1-1-3,6_1-0-2-3-1-1-3,0.684971034526825,7_1-0-2-3-1-1-3-2,0.4717862904071808,0.21318474411964417,0.3112317651021715
7,1-0-2-3-1-1-3,6_1-0-2-3-1-1-3,0.684971034526825,7_1-0-2-3-1-1-3-4,0.10708146542310715,0.5778895691037178,0.843670082345776
7,1-0-2-3-1-1-3,6_1-0-2-3-1-1-3,0.684971034526825,7_1-0-2-3-1-1-3-1,0.7224096655845642,-0.03743863105773926,-0.05465724705220813
7,1-0-2-3-1-1-3,6_1-0-2-3-1-1-3,0.684971034526825,7_1-0-2-3-1-1-3-3,0.5376482009887695,0.14732283353805542,0.2150789246728154
7,1-0-2-3-1-1-2,6_1-0-2-3-1-1-2,0.7574113011360168,7_1-0-2-3-1-1-2-1,0.5997483134269714,0.1576629877090454,0.20816033174125045
7,1-0-2-3-1-1-2,6_1-0-2-3-1-1-2,0.7574113011360168,7_1-0-2-3-1-1-2-3,0.018099382519721985,0.7393119186162949,0.9761036275896923
7,1-0-2-3-1-1-2,6_1-0-2-3-1-1-2,0.7574113011360168,7_1-0-2-3-1-1-2-0,0.719523012638092,0.037888288497924805,0.050023400022018924
7,1-0-2-3-1-1-2,6_1-0-2-3-1-1-2,0.7574113011360168,7_1-0-2-3-1-1-2-2,0.5391679406166077,0.21824336051940918,0.2881437868593629
7,1-0-2-3-2-1-2,6_1-0-2-3-2-1-2,0.7418132424354553,7_1-0-2-3-2-1-2-0,0.6001015305519104,0.14171171188354492,0.19103421693887485
7,1-0-2-3-2-1-2,6_1-0-2-3-2-1-2,0.7418132424354553,7_1-0-2-3-2-1-2-2,0.6002157330513,0.14159750938415527,0.1908802664660918
7,1-0-2-3-2-1-2,6_1-0-2-3-2-1-2,0.7418132424354553,7_1-0-2-3-2-1-2-1,0.568570077419281,0.17324316501617432,0.2335401353141092
7,1-0-2-3-2-1-2,6_1-0-2-3-2-1-2,0.7418132424354553,7_1-0-2-3-2-1-2-3,0.8239411115646362,-0.08212786912918091,-0.11071232546286985
7,1-0-2-3-1-0-4,6_1-0-2-3-1-0-4,0.697760820388794,7_1-0-2-3-1-0-4-2,0.5382598042488098,0.15950101613998413,0.22858981398684694
7,1-0-2-3-1-0-4,6_1-0-2-3-1-0-4,0.697760820388794,7_1-0-2-3-1-0-4-0,0.5897430181503296,0.10801780223846436,0.15480634492816117
7,1-0-2-3-1-0-4,6_1-0-2-3-1-0-4,0.697760820388794,7_1-0-2-3-1-0-4-3,0.6346378326416016,0.06312298774719238,0.09046507901091395
7,1-0-2-3-1-0-4,6_1-0-2-3-1-0-4,0.697760820388794,7_1-0-2-3-1-0-4-1,0.6784543395042419,0.019306480884552002,0.027669195977203746
7,1-0-2-1-1-1-2,6_1-0-2-1-1-1-2,0.3277724087238312,7_1-0-2-1-1-1-2-2,0.15648511052131653,0.17128729820251465,0.5225799781910104
7,1-0-2-1-1-1-2,6_1-0-2-1-1-1-2,0.3277724087238312,7_1-0-2-1-1-1-2-0,0.3215858042240143,0.0061866044998168945,0.018874695780234197
7,1-0-2-1-1-1-2,6_1-0-2-1-1-1-2,0.3277724087238312,7_1-0-2-1-1-1-2-3,0.12213937938213348,0.2056330293416977,0.6273652811178394
7,1-0-2-1-1-1-2,6_1-0-2-1-1-1-2,0.3277724087238312,7_1-0-2-1-1-1-2-1,0.2537156343460083,0.07405677437782288,0.22593962275885263
7,1-0-2-3-2-1-0,6_1-0-2-3-2-1-0,0.2441679686307907,7_1-0-2-3-2-1-0-2,0.011561460793018341,0.23260650783777237,0.9526495598179769
7,1-0-2-3-2-1-0,6_1-0-2-3-2-1-0,0.2441679686307907,7_1-0-2-3-2-1-0-0,0.15689288079738617,0.08727508783340454,0.35743872680275374
7,1-0-2-3-2-1-0,6_1-0-2-3-2-1-0,0.2441679686307907,7_1-0-2-3-2-1-0-3,0.37065550684928894,-0.12648753821849823,-0.5180349368829846
7,1-0-2-3-2-1-0,6_1-0-2-3-2-1-0,0.2441679686307907,7_1-0-2-3-2-1-0-1,3.565135586378575e-14,0.24416796863075507,0.999999999999854
7,1-0-2-0-3-2-4,6_1-0-2-0-3-2-4,0.6646645069122314,7_1-0-2-0-3-2-4-1,0.5570236444473267,0.10764086246490479,0.1619476613321233
7,1-0-2-0-3-2-4,6_1-0-2-0-3-2-4,0.6646645069122314,7_1-0-2-0-3-2-4-4,0.7030090689659119,-0.03834456205368042,-0.05769010027602361
7,1-0-2-0-3-2-4,6_1-0-2-0-3-2-4,0.6646645069122314,7_1-0-2-0-3-2-4-3,0.596944272518158,0.06772023439407349,0.10188634068738667
7,1-0-2-0-3-2-4,6_1-0-2-0-3-2-4,0.6646645069122314,7_1-0-2-0-3-2-4-0,0.6054936051368713,0.05917090177536011,0.08902371220368713
7,1-0-2-0-3-2-4,6_1-0-2-0-3-2-4,0.6646645069122314,7_1-0-2-0-3-2-4-2,0.6075825095176697,0.05708199739456177,0.08588091706557668
7,1-0-2-3-1-0-2,6_1-0-2-3-1-0-2,0.7658727765083313,7_1-0-2-3-1-0-2-1,0.6208429932594299,0.14502978324890137,0.189365372027065
7,1-0-2-3-1-0-2,6_1-0-2-3-1-0-2,0.7658727765083313,7_1-0-2-3-1-0-2-3,0.7369987964630127,0.028873980045318604,0.03770075256749188
7,1-0-2-3-1-0-2,6_1-0-2-3-1-0-2,0.7658727765083313,7_1-0-2-3-1-0-2-0,0.6003152132034302,0.16555756330490112,0.2161684921870312
7,1-0-2-3-1-0-2,6_1-0-2-3-1-0-2,0.7658727765083313,7_1-0-2-3-1-0-2-2,0.655559778213501,0.11031299829483032,0.1440356697332358
7,1-0-2-3-1-0-3,6_1-0-2-3-1-0-3,0.7954502105712891,7_1-0-2-3-1-0-3-0,0.6951904892921448,0.10025972127914429,0.1260414793367622
7,1-0-2-3-1-0-3,6_1-0-2-3-1-0-3,0.7954502105712891,7_1-0-2-3-1-0-3-2,0.8022613525390625,-0.0068111419677734375,-0.00856262513637617
7,1-0-2-3-1-0-3,6_1-0-2-3-1-0-3,0.7954502105712891,7_1-0-2-3-1-0-3-1,0.6362043619155884,0.15924584865570068,0.20019587214808954
7,1-0-2-3-1-0-3,6_1-0-2-3-1-0-3,0.7954502105712891,7_1-0-2-3-1-0-3-4,0.5774409770965576,0.21800923347473145,0.2740702442182498
7,1-0-2-3-1-0-3,6_1-0-2-3-1-0-3,0.7954502105712891,7_1-0-2-3-1-0-3-3,0.6547200083732605,0.14073020219802856,0.17691893260919087
7,1-0-2-0-4-0-3,6_1-0-2-0-4-0-3,0.7498852014541626,7_1-0-2-0-4-0-3-1,0.01370246522128582,0.7361827362328768,0.9817272494580314
7,1-0-2-0-4-0-3,6_1-0-2-0-4-0-3,0.7498852014541626,7_1-0-2-0-4-0-3-4,0.6808125376701355,0.0690726637840271,0.09211098398805945
7,1-0-2-0-4-0-3,6_1-0-2-0-4-0-3,0.7498852014541626,7_1-0-2-0-4-0-3-3,0.7525700926780701,-0.0026848912239074707,-0.0035804029986202988
7,1-0-2-0-4-0-3,6_1-0-2-0-4-0-3,0.7498852014541626,7_1-0-2-0-4-0-3-0,0.6035668849945068,0.14631831645965576,0.19512095474869776
7,1-0-2-0-4-0-3,6_1-0-2-0-4-0-3,0.7498852014541626,7_1-0-2-0-4-0-3-2,0.6775801777839661,0.07230502367019653,0.09642145695098937
8,1-0-2-3-2-0-2-1,7_1-0-2-3-2-0-2-1,0.502863883972168,8_1-0-2-3-2-0-2-1-3,0.2814328074455261,0.22143107652664185,0.44033998778663014
8,1-0-2-3-2-0-2-1,7_1-0-2-3-2-0-2-1,0.502863883972168,8_1-0-2-3-2-0-2-1-1,0.6647091507911682,-0.16184526681900024,-0.32184706831711524
8,1-0-2-3-2-0-2-1,7_1-0-2-3-2-0-2-1,0.502863883972168,8_1-0-2-3-2-0-2-1-2,0.331129789352417,0.17173409461975098,0.34151208725352794
8,1-0-2-3-2-0-2-1,7_1-0-2-3-2-0-2-1,0.502863883972168,8_1-0-2-3-2-0-2-1-0,0.33796948194503784,0.16489440202713013,0.3279106081840957
8,1-0-2-3-1-1-0-2,7_1-0-2-3-1-1-0-2,0.5396067500114441,8_1-0-2-3-1-1-0-2-2,0.40816980600357056,0.13143694400787354,0.24357913240537854
8,1-0-2-3-1-1-0-2,7_1-0-2-3-1-1-0-2,0.5396067500114441,8_1-0-2-3-1-1-0-2-0,0.4839923083782196,0.05561444163322449,0.10306476268513136
8,1-0-2-3-1-1-0-2,7_1-0-2-3-1-1-0-2,0.5396067500114441,8_1-0-2-3-1-1-0-2-3,0.32520321011543274,0.21440353989601135,0.39733294643082995
8,1-0-2-3-1-1-0-2,7_1-0-2-3-1-1-0-2,0.5396067500114441,8_1-0-2-3-1-1-0-2-1,0.4514976739883423,0.0881090760231018,0.16328386555808128
8,1-0-2-3-1-1-0-2,7_1-0-2-3-1-1-0-2,0.5396067500114441,8_1-0-2-3-1-1-0-2-4,0.6238338947296143,-0.08422714471817017,-0.15608986491807944
8,1-0-2-1-1-1-2-0,7_1-0-2-1-1-1-2-0,0.3215858042240143,8_1-0-2-1-1-1-2-0-1,0.1548403650522232,0.16674543917179108,0.5185099496980203
8,1-0-2-1-1-1-2-0,7_1-0-2-1-1-1-2-0,0.3215858042240143,8_1-0-2-1-1-1-2-0-3,0.1127198338508606,0.2088659703731537,0.6494875321911262
8,1-0-2-1-1-1-2-0,7_1-0-2-1-1-1-2-0,0.3215858042240143,8_1-0-2-1-1-1-2-0-0,0.4850408732891083,-0.163455069065094,-0.5082782477277275
8,1-0-2-1-1-1-2-0,7_1-0-2-1-1-1-2-0,0.3215858042240143,8_1-0-2-1-1-1-2-0-2,0.19661258161067963,0.12497322261333466,0.38861548293431275
8,1-0-2-3-1-0-1-3,7_1-0-2-3-1-0-1-3,0.7081952095031738,8_1-0-2-3-1-0-1-3-4,0.586814820766449,0.12138038873672485,0.17139397034594156
8,1-0-2-3-1-0-1-3,7_1-0-2-3-1-0-1-3,0.7081952095031738,8_1-0-2-3-1-0-1-3-1,0.5116555690765381,0.19653964042663574,0.2775218439623672
8,1-0-2-3-1-0-1-3,7_1-0-2-3-1-0-1-3,0.7081952095031738,8_1-0-2-3-1-0-1-3-3,0.8063827753067017,-0.09818756580352783,-0.13864477546015905
8,1-0-2-3-1-0-1-3,7_1-0-2-3-1-0-1-3,0.7081952095031738,8_1-0-2-3-1-0-1-3-0,0.5112263560295105,0.19696885347366333,0.27812790997533654
8,1-0-2-3-1-0-1-3,7_1-0-2-3-1-0-1-3,0.7081952095031738,8_1-0-2-3-1-0-1-3-2,0.5888133645057678,0.119381844997406,0.1685719465416279
8,1-0-2-3-2-1-2-3,7_1-0-2-3-2-1-2-3,0.8239411115646362,8_1-0-2-3-2-1-2-3-3,0.6951321363449097,0.12880897521972656,0.15633274443014827
8,1-0-2-3-2-1-2-3,7_1-0-2-3-2-1-2-3,0.8239411115646362,8_1-0-2-3-2-1-2-3-1,0.7580324411392212,0.06590867042541504,0.07999196726603035
8,1-0-2-3-2-1-2-3,7_1-0-2-3-2-1-2-3,0.8239411115646362,8_1-0-2-3-2-1-2-3-4,0.8040851354598999,0.019855976104736328,0.02409878063619195
8,1-0-2-3-2-1-2-3,7_1-0-2-3-2-1-2-3,0.8239411115646362,8_1-0-2-3-2-1-2-3-2,0.7816930413246155,0.04224807024002075,0.051275594392653986
8,1-0-2-3-2-1-2-3,7_1-0-2-3-2-1-2-3,0.8239411115646362,8_1-0-2-3-2-1-2-3-0,0.8248274922370911,-0.000886380672454834,-0.0010757815819769294
8,1-0-2-3-1-1-2-1,7_1-0-2-3-1-1-2-1,0.5997483134269714,8_1-0-2-3-1-1-2-1-3,0.465923935174942,0.13382437825202942,0.22313423023627157
8,1-0-2-3-1-1-2-1,7_1-0-2-3-1-1-2-1,0.5997483134269714,8_1-0-2-3-1-1-2-1-4,0.5010485649108887,0.09869974851608276,0.16456861371082618
8,1-0-2-3-1-1-2-1,7_1-0-2-3-1-1-2-1,0.5997483134269714,8_1-0-2-3-1-1-2-1-1,0.6996521949768066,-0.0999038815498352,-0.16657634429846552
8,1-0-2-3-1-1-2-1,7_1-0-2-3-1-1-2-1,0.5997483134269714,8_1-0-2-3-1-1-2-1-2,0.5607956051826477,0.03895270824432373,0.06494842481798295
8,1-0-2-3-1-1-2-1,7_1-0-2-3-1-1-2-1,0.5997483134269714,8_1-0-2-3-1-1-2-1-0,0.6010137796401978,-0.0012654662132263184,-0.002109995451250916
8,1-0-1-3-1-2-1-4,7_1-0-1-3-1-2-1-4,0.6740419864654541,8_1-0-1-3-1-2-1-4-3,0.5991163849830627,0.07492560148239136,0.11115865626603876
8,1-0-1-3-1-2-1-4,7_1-0-1-3-1-2-1-4,0.6740419864654541,8_1-0-1-3-1-2-1-4-1,0.6591593027114868,0.014882683753967285,0.022079757719558692
8,1-0-1-3-1-2-1-4,7_1-0-1-3-1-2-1-4,0.6740419864654541,8_1-0-1-3-1-2-1-4-2,0.12672528624534607,0.547316700220108,0.8119919993265271
8,1-0-1-3-1-2-1-4,7_1-0-1-3-1-2-1-4,0.6740419864654541,8_1-0-1-3-1-2-1-4-0,0.5622634291648865,0.11177855730056763,0.16583322633462758
8,1-0-2-3-2-0-3-0,7_1-0-2-3-2-0-3-0,0.8871000409126282,8_1-0-2-3-2-0-3-0-2,0.6742028594017029,0.2128971815109253,0.2399923026628446
8,1-0-2-3-2-0-3-0,7_1-0-2-3-2-0-3-0,0.8871000409126282,8_1-0-2-3-2-0-3-0-0,0.6000126004219055,0.28708744049072266,0.32362465026534515
8,1-0-2-3-2-0-3-0,7_1-0-2-3-2-0-3-0,0.8871000409126282,8_1-0-2-3-2-0-3-0-3,0.7426674962043762,0.14443254470825195,0.16281426901938034
8,1-0-2-3-2-0-3-0,7_1-0-2-3-2-0-3-0,0.8871000409126282,8_1-0-2-3-2-0-3-0-1,0.804332971572876,0.0827670693397522,0.0933007164046609
8,1-0-2-3-2-0-2-0,7_1-0-2-3-2-0-2-0,0.8232743144035339,8_1-0-2-3-2-0-2-0-2,0.7681676149368286,0.05510669946670532,0.06693601209534927
8,1-0-2-3-2-0-2-0,7_1-0-2-3-2-0-2-0,0.8232743144035339,8_1-0-2-3-2-0-2-0-0,0.720665693283081,0.10260862112045288,0.12463478979639163
8,1-0-2-3-2-0-2-0,7_1-0-2-3-2-0-2-0,0.8232743144035339,8_1-0-2-3-2-0-2-0-3,0.7816346287727356,0.04163968563079834,0.05057814254895889
8,1-0-2-3-2-0-2-0,7_1-0-2-3-2-0-2-0,0.8232743144035339,8_1-0-2-3-2-0-2-0-1,0.8132295608520508,0.010044753551483154,0.012200980129886142
8,1-0-2-3-2-0-2-0,7_1-0-2-3-2-0-2-0,0.8232743144035339,8_1-0-2-3-2-0-2-0-4,0.7564181685447693,0.06685614585876465,0.08120761778800574
8,1-0-2-3-1-1-0-1,7_1-0-2-3-1-1-0-1,0.8047146797180176,8_1-0-2-3-1-1-0-1-4,0.757620096206665,0.04709458351135254,0.05852333093743871
8,1-0-2-3-1-1-0-1,7_1-0-2-3-1-1-0-1,0.8047146797180176,8_1-0-2-3-1-1-0-1-1,0.6165110468864441,0.1882036328315735,0.23387622666150748
8,1-0-2-3-1-1-0-1,7_1-0-2-3-1-1-0-1,0.8047146797180176,8_1-0-2-3-1-1-0-1-3,0.7347784638404846,0.06993621587753296,0.08690809008484786
8,1-0-2-3-1-1-0-1,7_1-0-2-3-1-1-0-1,0.8047146797180176,8_1-0-2-3-1-1-0-1-0,0.7756649851799011,0.029049694538116455,0.03609937195167838
8,1-0-2-3-1-1-0-1,7_1-0-2-3-1-1-0-1,0.8047146797180176,8_1-0-2-3-1-1-0-1-2,0.7965835332870483,0.008131146430969238,0.010104384368654113
8,1-0-2-1-0-3-1-0,7_1-0-2-1-0-3-1-0,0.426062673330307,8_1-0-2-1-0-3-1-0-0,0.3781798183917999,0.04788285493850708,0.1123845338626641
8,1-0-2-1-0-3-1-0,7_1-0-2-1-0-3-1-0,0.426062673330307,8_1-0-2-1-0-3-1-0-2,0.20333349704742432,0.2227291762828827,0.5227615330437804
8,1-0-2-1-0-3-1-0,7_1-0-2-1-0-3-1-0,0.426062673330307,8_1-0-2-1-0-3-1-0-1,0.3892264664173126,0.036836206912994385,0.08645724964607954
8,1-0-2-1-0-3-1-0,7_1-0-2-1-0-3-1-0,0.426062673330307,8_1-0-2-1-0-3-1-0-4,0.4437488317489624,-0.017686158418655396,-0.04151069672546537
8,1-0-2-1-0-3-1-0,7_1-0-2-1-0-3-1-0,0.426062673330307,8_1-0-2-1-0-3-1-0-3,0.20746032893657684,0.21860234439373016,0.5130755592481994
8,1-0-2-3-1-0-1-2,7_1-0-2-3-1-0-1-2,0.6691075563430786,8_1-0-2-3-1-0-1-2-0,0.792983889579773,-0.12387633323669434,-0.18513665263881418
8,1-0-2-3-1-0-1-2,7_1-0-2-3-1-0-1-2,0.6691075563430786,8_1-0-2-3-1-0-1-2-2,0.5224812030792236,0.14662635326385498,0.21913719531912398
8,1-0-2-3-1-0-1-2,7_1-0-2-3-1-0-1-2,0.6691075563430786,8_1-0-2-3-1-0-1-2-1,0.43499860167503357,0.23410895466804504,0.3498823955113248
8,1-0-2-3-1-0-1-2,7_1-0-2-3-1-0-1-2,0.6691075563430786,8_1-0-2-3-1-0-1-2-3,0.5918731093406677,0.07723444700241089,0.11542904615294712
8,1-0-2-3-1-0-2-3,7_1-0-2-3-1-0-2-3,0.7369987964630127,8_1-0-2-3-1-0-2-3-3,0.594868004322052,0.1421307921409607,0.19285077916418786
8,1-0-2-3-1-0-2-3,7_1-0-2-3-1-0-2-3,0.7369987964630127,8_1-0-2-3-1-0-2-3-1,0.7251339554786682,0.011864840984344482,0.016098860732589995
8,1-0-2-3-1-0-2-3,7_1-0-2-3-1-0-2-3,0.7369987964630127,8_1-0-2-3-1-0-2-3-2,0.5788460373878479,0.1581527590751648,0.21459025419602826
8,1-0-2-3-1-0-2-3,7_1-0-2-3-1-0-2-3,0.7369987964630127,8_1-0-2-3-1-0-2-3-0,0.676900327205658,0.060098469257354736,0.08154486757071776
8,1-0-2-3-1-1-2-0,7_1-0-2-3-1-1-2-0,0.719523012638092,8_1-0-2-3-1-1-2-0-2,0.7921045422554016,-0.07258152961730957,-0.10087450761469509
8,1-0-2-3-1-1-2-0,7_1-0-2-3-1-1-2-0,0.719523012638092,8_1-0-2-3-1-1-2-0-0,0.33152535557746887,0.38799765706062317,0.5392428737449979
8,1-0-2-3-1-1-2-0,7_1-0-2-3-1-1-2-0,0.719523012638092,8_1-0-2-3-1-1-2-0-3,0.5931640267372131,0.1263589859008789,0.17561493333978373
8,1-0-2-3-1-1-2-0,7_1-0-2-3-1-1-2-0,0.719523012638092,8_1-0-2-3-1-1-2-0-1,0.6584062576293945,0.06111675500869751,0.08494065364861125
8,1-0-2-3-1-1-1-0,7_1-0-2-3-1-1-1-0,0.48086482286453247,8_1-0-2-3-1-1-1-0-0,0.5382978320121765,-0.05743300914764404,-0.11943691119993584
8,1-0-2-3-1-1-1-0,7_1-0-2-3-1-1-1-0,0.48086482286453247,8_1-0-2-3-1-1-1-0-2,0.44365835189819336,0.03720647096633911,0.07737407520204652
8,1-0-2-3-1-1-1-0,7_1-0-2-3-1-1-1-0,0.48086482286453247,8_1-0-2-3-1-1-1-0-1,0.3136317729949951,0.16723304986953735,0.34777559496517724
8,1-0-2-3-1-1-1-0,7_1-0-2-3-1-1-1-0,0.48086482286453247,8_1-0-2-3-1-1-1-0-3,0.33254241943359375,0.14832240343093872,0.3084492696874264
8,1-0-2-3-3-1-1-1,7_1-0-2-3-3-1-1-1,0.2899787724018097,8_1-0-2-3-3-1-1-1-2,0.24128976464271545,0.04868900775909424,0.1679054206479232
8,1-0-2-3-3-1-1-1,7_1-0-2-3-3-1-1-1,0.2899787724018097,8_1-0-2-3-3-1-1-1-0,0.2991761863231659,-0.009197413921356201,-0.031717542098605014
8,1-0-2-3-3-1-1-1,7_1-0-2-3-3-1-1-1,0.2899787724018097,8_1-0-2-3-3-1-1-1-3,0.1187727227807045,0.1712060496211052,0.590408905462477
8,1-0-2-3-3-1-1-1,7_1-0-2-3-3-1-1-1,0.2899787724018097,8_1-0-2-3-3-1-1-1-1,0.260245680809021,0.029733091592788696,0.1025354074938595
8,1-0-2-3-3-1-1-1,7_1-0-2-3-3-1-1-1,0.2899787724018097,8_1-0-2-3-3-1-1-1-4,0.3039783835411072,-0.013999611139297485,-0.04827805505672979
8,1-0-2-3-2-1-0-0,7_1-0-2-3-2-1-0-0,0.15689288079738617,8_1-0-2-3-2-1-0-0-2,0.09763094782829285,0.05926193296909332,0.3777222565351775
8,1-0-2-3-2-1-0-0,7_1-0-2-3-2-1-0-0,0.15689288079738617,8_1-0-2-3-2-1-0-0-0,0.19642634689807892,-0.03953346610069275,-0.25197743772546866
8,1-0-2-3-2-1-0-0,7_1-0-2-3-2-1-0-0,0.15689288079738617,8_1-0-2-3-2-1-0-0-3,0.15855835378170013,-0.0016654729843139648,-0.010615350905977575
8,1-0-2-3-2-1-0-0,7_1-0-2-3-2-1-0-0,0.15689288079738617,8_1-0-2-3-2-1-0-0-4,0.08797794580459595,0.06891493499279022,0.43924832435059946
8,1-0-2-3-2-1-0-0,7_1-0-2-3-2-1-0-0,0.15689288079738617,8_1-0-2-3-2-1-0-0-1,0.013455214910209179,0.143437665887177,0.9142394808367026
8,1-0-2-3-3-0-2-1,7_1-0-2-3-3-0-2-1,0.3561886250972748,8_1-0-2-3-3-0-2-1-3,0.42854246497154236,-0.07235383987426758,-0.2031334938180797
8,1-0-2-3-3-0-2-1,7_1-0-2-3-3-0-2-1,0.3561886250972748,8_1-0-2-3-3-0-2-1-1,0.4678747355937958,-0.111686110496521,-0.3135588916294551
8,1-0-2-3-3-0-2-1,7_1-0-2-3-3-0-2-1,0.3561886250972748,8_1-0-2-3-3-0-2-1-4,0.3120560646057129,0.04413256049156189,0.12390221748240648
8,1-0-2-3-3-0-2-1,7_1-0-2-3-3-0-2-1,0.3561886250972748,8_1-0-2-3-3-0-2-1-2,0.13971348106861115,0.21647514402866364,0.6077542312575099
8,1-0-2-3-3-0-2-1,7_1-0-2-3-3-0-2-1,0.3561886250972748,8_1-0-2-3-3-0-2-1-0,0.3449753224849701,0.011213302612304688,0.031481360779677746
8,1-0-2-3-2-0-0-3,7_1-0-2-3-2-0-0-3,0.6609850525856018,8_1-0-2-3-2-0-0-3-3,0.4175504744052887,0.2434345781803131,0.36829059481460324
8,1-0-2-3-2-0-0-3,7_1-0-2-3-2-0-0-3,0.6609850525856018,8_1-0-2-3-2-0-0-3-1,0.6363875269889832,0.024597525596618652,0.037213436976221356
8,1-0-2-3-2-0-0-3,7_1-0-2-3-2-0-0-3,0.6609850525856018,8_1-0-2-3-2-0-0-3-2,0.5010324120521545,0.15995264053344727,0.24199131267455154
8,1-0-2-3-2-0-0-3,7_1-0-2-3-2-0-0-3,0.6609850525856018,8_1-0-2-3-2-0-0-3-0,0.5543696284294128,0.10661542415618896,0.16129778387444182
8,1-0-2-3-2-0-3-2,7_1-0-2-3-2-0-3-2,0.9319913983345032,8_1-0-2-3-2-0-3-2-0,0.5973090529441833,0.3346823453903198,0.3591045432269089
8,1-0-2-3-2-0-3-2,7_1-0-2-3-2-0-3-2,0.9319913983345032,8_1-0-2-3-2-0-3-2-2,0.4916223883628845,0.44036900997161865,0.47250329859113654
8,1-0-2-3-2-0-3-2,7_1-0-2-3-2-0-3-2,0.9319913983345032,8_1-0-2-3-2-0-3-2-1,0.929391622543335,0.002599775791168213,0.002789484748264942
8,1-0-2-3-2-0-3-2,7_1-0-2-3-2-0-3-2,0.9319913983345032,8_1-0-2-3-2-0-3-2-3,0.3350774347782135,0.5969139635562897,0.640471537208383
8,1-0-2-3-1-1-1-1,7_1-0-2-3-1-1-1-1,0.7626679539680481,8_1-0-2-3-1-1-1-1-1,0.6468602418899536,0.11580771207809448,0.1518455200268533
8,1-0-2-3-1-1-1-1,7_1-0-2-3-1-1-1-1,0.7626679539680481,8_1-0-2-3-1-1-1-1-4,0.7175719141960144,0.04509603977203369,0.059129322973917674
8,1-0-2-3-1-1-1-1,7_1-0-2-3-1-1-1-1,0.7626679539680481,8_1-0-2-3-1-1-1-1-3,0.677273154258728,0.08539479970932007,0.11196851692145135
8,1-0-2-3-1-1-1-1,7_1-0-2-3-1-1-1-1,0.7626679539680481,8_1-0-2-3-1-1-1-1-0,0.640095591545105,0.12257236242294312,0.16071523889946773
8,1-0-2-3-1-1-1-1,7_1-0-2-3-1-1-1-1,0.7626679539680481,8_1-0-2-3-1-1-1-1-2,0.7613781690597534,0.0012897849082946777,0.0016911486861144727
8,1-0-2-3-2-1-2-1,7_1-0-2-3-2-1-2-1,0.568570077419281,8_1-0-2-3-2-1-2-1-1,0.3142108917236328,0.2543591856956482,0.44736646509815525
8,1-0-2-3-2-1-2-1,7_1-0-2-3-2-1-2-1,0.568570077419281,8_1-0-2-3-2-1-2-1-3,0.345802903175354,0.222767174243927,0.3918024938193356
8,1-0-2-3-2-1-2-1,7_1-0-2-3-2-1-2-1,0.568570077419281,8_1-0-2-3-2-1-2-1-0,0.49302175641059875,0.07554832100868225,0.13287424718443389
8,1-0-2-3-2-1-2-1,7_1-0-2-3-2-1-2-1,0.568570077419281,8_1-0-2-3-2-1-2-1-2,0.6880614757537842,-0.11949139833450317,-0.2101612502664057
8,1-0-2-3-1-0-0-0,7_1-0-2-3-1-0-0-0,0.874539852142334,8_1-0-2-3-1-0-0-0-2,0.6374965906143188,0.23704326152801514,0.2710491248024174
8,1-0-2-3-1-0-0-0,7_1-0-2-3-1-0-0-0,0.874539852142334,8_1-0-2-3-1-0-0-0-0,0.503246545791626,0.371293306350708,0.42455847545559183
8,1-0-2-3-1-0-0-0,7_1-0-2-3-1-0-0-0,0.874539852142334,8_1-0-2-3-1-0-0-0-3,0.5030789375305176,0.3714609146118164,0.42475012854115196
8,1-0-2-3-1-0-0-0,7_1-0-2-3-1-0-0-0,0.874539852142334,8_1-0-2-3-1-0-0-0-1,0.8748853802680969,-0.00034552812576293945,-0.00039509706151927737
8,1-0-2-3-1-0-1-0,7_1-0-2-3-1-0-1-0,0.9401406645774841,8_1-0-2-3-1-0-1-0-2,0.8304076790809631,0.109732985496521,0.116719752299872
8,1-0-2-3-1-0-1-0,7_1-0-2-3-1-0-1-0,0.9401406645774841,8_1-0-2-3-1-0-1-0-0,0.8701968789100647,0.06994378566741943,0.0743971495997925
8,1-0-2-3-1-0-1-0,7_1-0-2-3-1-0-1-0,0.9401406645774841,8_1-0-2-3-1-0-1-0-3,0.7636260390281677,0.1765146255493164,0.18775342052526278
8,1-0-2-3-1-0-1-0,7_1-0-2-3-1-0-1-0,0.9401406645774841,8_1-0-2-3-1-0-1-0-1,0.9304450154304504,0.009695649147033691,0.010312977102624412
8,1-0-2-3-1-0-1-0,7_1-0-2-3-1-0-1-0,0.9401406645774841,8_1-0-2-3-1-0-1-0-4,0.8531516790390015,0.08698898553848267,0.09252762784979315
8,1-0-2-3-1-0-4-1,7_1-0-2-3-1-0-4-1,0.6784543395042419,8_1-0-2-3-1-0-4-1-2,0.5190325379371643,0.15942180156707764,0.23497793776891432
8,1-0-2-3-1-0-4-1,7_1-0-2-3-1-0-4-1,0.6784543395042419,8_1-0-2-3-1-0-4-1-0,0.788992166519165,-0.1105378270149231,-0.16292596358908243
8,1-0-2-3-1-0-4-1,7_1-0-2-3-1-0-4-1,0.6784543395042419,8_1-0-2-3-1-0-4-1-3,0.4726961851119995,0.20575815439224243,0.30327487409483356
8,1-0-2-3-1-0-4-1,7_1-0-2-3-1-0-4-1,0.6784543395042419,8_1-0-2-3-1-0-4-1-1,0.41277098655700684,0.2656833529472351,0.39160093388358963
8,1-0-2-3-1-0-4-1,7_1-0-2-3-1-0-4-1,0.6784543395042419,8_1-0-2-3-1-0-4-1-4,0.5984444618225098,0.08000987768173218,0.1179296424578797
8,1-0-2-3-2-0-0-2,7_1-0-2-3-2-0-0-2,0.7513360381126404,8_1-0-2-3-2-0-0-2-2,0.321378618478775,0.42995741963386536,0.5722571496955215
8,1-0-2-3-2-0-0-2,7_1-0-2-3-2-0-0-2,0.7513360381126404,8_1-0-2-3-2-0-0-2-0,0.589394748210907,0.1619412899017334,0.21553776431186591
8,1-0-2-3-2-0-0-2,7_1-0-2-3-2-0-0-2,0.7513360381126404,8_1-0-2-3-2-0-0-2-3,0.32657769322395325,0.42475834488868713,0.5653373768090268
8,1-0-2-3-2-0-0-2,7_1-0-2-3-2-0-0-2,0.7513360381126404,8_1-0-2-3-2-0-0-2-1,0.7565025687217712,-0.005166530609130859,-0.006876457865789599
8,1-0-2-0-4-1-0-1,7_1-0-2-0-4-1-0-1,0.7249302268028259,8_1-0-2-0-4-1-0-1-2,0.7210405468940735,0.0038896799087524414,0.00536559211485383
8,1-0-2-0-4-1-0-1,7_1-0-2-0-4-1-0-1,0.7249302268028259,8_1-0-2-0-4-1-0-1-0,0.5796982049942017,0.14523202180862427,0.20033931051426
8,1-0-2-0-4-1-0-1,7_1-0-2-0-4-1-0-1,0.7249302268028259,8_1-0-2-0-4-1-0-1-3,0.704760730266571,0.020169496536254883,0.027822672845645866
8,1-0-2-0-4-1-0-1,7_1-0-2-0-4-1-0-1,0.7249302268028259,8_1-0-2-0-4-1-0-1-4,0.05913037806749344,0.6657998487353325,0.9184330079209453
8,1-0-2-0-4-1-0-1,7_1-0-2-0-4-1-0-1,0.7249302268028259,8_1-0-2-0-4-1-0-1-1,0.7323737144470215,-0.007443487644195557,-0.010267867677450445
8,1-0-2-3-1-0-0-1,7_1-0-2-3-1-0-0-1,0.6981168389320374,8_1-0-2-3-1-0-0-1-3,0.8212658166885376,-0.12314897775650024,-0.17640167216835886
8,1-0-2-3-1-0-0-1,7_1-0-2-3-1-0-0-1,0.6981168389320374,8_1-0-2-3-1-0-0-1-1,0.5875164270401001,0.11060041189193726,0.1584267929436155
8,1-0-2-3-1-0-0-1,7_1-0-2-3-1-0-0-1,0.6981168389320374,8_1-0-2-3-1-0-0-1-4,0.5598896741867065,0.1382271647453308,0.19800004388489964
8,1-0-2-3-1-0-0-1,7_1-0-2-3-1-0-0-1,0.6981168389320374,8_1-0-2-3-1-0-0-1-2,0.5127089023590088,0.18540793657302856,0.2655829600911235
8,1-0-2-3-1-0-0-1,7_1-0-2-3-1-0-0-1,0.6981168389320374,8_1-0-2-3-1-0-0-1-0,0.4632774591445923,0.23483937978744507,0.33638979421653376
9,1-0-2-3-1-0-2-3-1,8_1-0-2-3-1-0-2-3-1,0.7251339554786682,9_1-0-2-3-1-0-2-3-1-2,0.7093868255615234,0.015747129917144775,0.021716166782935902
9,1-0-2-3-1-0-2-3-1,8_1-0-2-3-1-0-2-3-1,0.7251339554786682,9_1-0-2-3-1-0-2-3-1-0,0.507854700088501,0.21727925539016724,0.29964016130887017
9,1-0-2-3-1-0-2-3-1,8_1-0-2-3-1-0-2-3-1,0.7251339554786682,9_1-0-2-3-1-0-2-3-1-3,0.5404645800590515,0.1846693754196167,0.25466932561131356
9,1-0-2-3-1-0-2-3-1,8_1-0-2-3-1-0-2-3-1,0.7251339554786682,9_1-0-2-3-1-0-2-3-1-1,0.7414819598197937,-0.01634800434112549,-0.022544805987376508
9,1-0-2-3-2-1-2-3-4,8_1-0-2-3-2-1-2-3-4,0.8040851354598999,9_1-0-2-3-2-1-2-3-4-1,0.7781360149383545,0.02594912052154541,0.03227160828772652
9,1-0-2-3-2-1-2-3-4,8_1-0-2-3-2-1-2-3-4,0.8040851354598999,9_1-0-2-3-2-1-2-3-4-3,0.7789276242256165,0.025157511234283447,0.03128712386891035
9,1-0-2-3-2-1-2-3-4,8_1-0-2-3-2-1-2-3-4,0.8040851354598999,9_1-0-2-3-2-1-2-3-4-0,0.767867386341095,0.03621774911880493,0.04504218212924684
9,1-0-2-3-2-1-2-3-4,8_1-0-2-3-2-1-2-3-4,0.8040851354598999,9_1-0-2-3-2-1-2-3-4-2,0.6950439214706421,0.10904121398925781,0.13560904085969855
9,1-0-2-3-2-1-2-3-4,8_1-0-2-3-2-1-2-3-4,0.8040851354598999,9_1-0-2-3-2-1-2-3-4-4,0.6531587839126587,0.1509263515472412,0.18769946724723152
9,1-0-2-3-1-1-1-0-2,8_1-0-2-3-1-1-1-0-2,0.44365835189819336,9_1-0-2-3-1-1-1-0-2-1,0.0781664177775383,0.36549193412065506,0.8238139382632986
9,1-0-2-3-1-1-1-0-2,8_1-0-2-3-1-1-1-0-2,0.44365835189819336,9_1-0-2-3-1-1-1-0-2-2,0.26334166526794434,0.18031668663024902,0.4064314034859563
9,1-0-2-3-1-1-1-0-2,8_1-0-2-3-1-1-1-0-2,0.44365835189819336,9_1-0-2-3-1-1-1-0-2-0,0.4372601807117462,0.0063981711864471436,0.014421392404927243
9,1-0-2-3-1-1-1-0-2,8_1-0-2-3-1-1-1-0-2,0.44365835189819336,9_1-0-2-3-1-1-1-0-2-3,0.3271333873271942,0.11652496457099915,0.2626457139202875
9,1-0-2-3-1-0-1-0-1,8_1-0-2-3-1-0-1-0-1,0.9304450154304504,9_1-0-2-3-1-0-1-0-1-2,0.9250325560569763,0.005412459373474121,0.005817065257714517
9,1-0-2-3-1-0-1-0-1,8_1-0-2-3-1-0-1-0-1,0.9304450154304504,9_1-0-2-3-1-0-1-0-1-0,0.7922777533531189,0.13816726207733154,0.14849589152069498
9,1-0-2-3-1-0-1-0-1,8_1-0-2-3-1-0-1-0-1,0.9304450154304504,9_1-0-2-3-1-0-1-0-1-3,0.7547597289085388,0.17568528652191162,0.18881855844069903
9,1-0-2-3-1-0-1-0-1,8_1-0-2-3-1-0-1-0-1,0.9304450154304504,9_1-0-2-3-1-0-1-0-1-1,0.762299656867981,0.16814535856246948,0.18071498667192132
9,1-0-2-3-1-0-1-0-1,8_1-0-2-3-1-0-1-0-1,0.9304450154304504,9_1-0-2-3-1-0-1-0-1-4,0.8974481821060181,0.03299683332443237,0.03546349625954748
9,1-0-2-3-2-1-2-1-2,8_1-0-2-3-2-1-2-1-2,0.6880614757537842,9_1-0-2-3-2-1-2-1-2-1,0.3861832022666931,0.30187827348709106,0.4387373572345084
9,1-0-2-3-2-1-2-1-2,8_1-0-2-3-2-1-2-1-2,0.6880614757537842,9_1-0-2-3-2-1-2-1-2-3,0.6361384391784668,0.05192303657531738,0.07546278698198403
9,1-0-2-3-2-1-2-1-2,8_1-0-2-3-2-1-2-1-2,0.6880614757537842,9_1-0-2-3-2-1-2-1-2-0,0.4832891821861267,0.20477229356765747,0.2976075551146438
9,1-0-2-3-2-1-2-1-2,8_1-0-2-3-2-1-2-1-2,0.6880614757537842,9_1-0-2-3-2-1-2-1-2-2,0.6995106935501099,-0.011449217796325684,-0.016639818097333312
9,1-0-2-3-2-1-2-1-2,8_1-0-2-3-2-1-2-1-2,0.6880614757537842,9_1-0-2-3-2-1-2-1-2-4,0.6583735942840576,0.029687881469726562,0.04314713512655673
9,1-0-2-3-2-1-2-1-1,8_1-0-2-3-2-1-2-1-1,0.3142108917236328,9_1-0-2-3-2-1-2-1-1-0,0.184904083609581,0.12930680811405182,0.4115287264700705
9,1-0-2-3-2-1-2-1-1,8_1-0-2-3-2-1-2-1-1,0.3142108917236328,9_1-0-2-3-2-1-2-1-1-2,0.18276764452457428,0.13144324719905853,0.41832810593552144
9,1-0-2-3-2-1-2-1-1,8_1-0-2-3-2-1-2-1-1,0.3142108917236328,9_1-0-2-3-2-1-2-1-1-1,0.293171763420105,0.021039128303527832,0.06695862192464352
9,1-0-2-3-2-1-2-1-1,8_1-0-2-3-2-1-2-1-1,0.3142108917236328,9_1-0-2-3-2-1-2-1-1-4,0.1477116495370865,0.16649924218654633,0.5298964694482721
9,1-0-2-3-2-1-2-1-1,8_1-0-2-3-2-1-2-1-1,0.3142108917236328,9_1-0-2-3-2-1-2-1-1-3,0.3029685318470001,0.01124235987663269,0.03577966319041867
9,1-0-2-3-3-0-2-1-4,8_1-0-2-3-3-0-2-1-4,0.3120560646057129,9_1-0-2-3-3-0-2-1-4-2,0.11931053549051285,0.19274552911520004,0.6176631412651334
9,1-0-2-3-3-0-2-1-4,8_1-0-2-3-3-0-2-1-4,0.3120560646057129,9_1-0-2-3-3-0-2-1-4-4,0.25658562779426575,0.055470436811447144,0.17775791949928868
9,1-0-2-3-3-0-2-1-4,8_1-0-2-3-3-0-2-1-4,0.3120560646057129,9_1-0-2-3-3-0-2-1-4-1,0.23537218570709229,0.0766838788986206,0.24573750552007934
9,1-0-2-3-3-0-2-1-4,8_1-0-2-3-3-0-2-1-4,0.3120560646057129,9_1-0-2-3-3-0-2-1-4-3,0.21274471282958984,0.09931135177612305,0.31824842725490465
9,1-0-2-3-3-0-2-1-4,8_1-0-2-3-3-0-2-1-4,0.3120560646057129,9_1-0-2-3-3-0-2-1-4-0,0.4777785539627075,-0.16572248935699463,-0.5310663952850501
9,1-0-2-3-2-0-3-2-1,8_1-0-2-3-2-0-3-2-1,0.929391622543335,9_1-0-2-3-2-0-3-2-1-0,0.9045096635818481,0.024881958961486816,0.02677230820458212
9,1-0-2-3-2-0-3-2-1,8_1-0-2-3-2-0-3-2-1,0.929391622543335,9_1-0-2-3-2-0-3-2-1-3,0.812859058380127,0.11653256416320801,0.12538585601224786
9,1-0-2-3-2-0-3-2-1,8_1-0-2-3-2-0-3-2-1,0.929391622543335,9_1-0-2-3-2-0-3-2-1-1,0.9059497714042664,0.023441851139068604,0.025222791523468433
9,1-0-2-3-2-0-3-2-1,8_1-0-2-3-2-0-3-2-1,0.929391622543335,9_1-0-2-3-2-0-3-2-1-2,0.746884822845459,0.18250679969787598,0.19637233139506396
9,1-0-2-3-1-0-1-0-2,8_1-0-2-3-1-0-1-0-2,0.8304076790809631,9_1-0-2-3-1-0-1-0-2-0,0.5113756656646729,0.3190320134162903,0.38418721485014745
9,1-0-2-3-1-0-1-0-2,8_1-0-2-3-1-0-1-0-2,0.8304076790809631,9_1-0-2-3-1-0-1-0-2-3,0.5525285005569458,0.27787917852401733,0.33462982764267607
9,1-0-2-3-1-0-1-0-2,8_1-0-2-3-1-0-1-0-2,0.8304076790809631,9_1-0-2-3-1-0-1-0-2-1,0.7387495040893555,0.09165817499160767,0.11037732104434354
9,1-0-2-3-1-0-1-0-2,8_1-0-2-3-1-0-1-0-2,0.8304076790809631,9_1-0-2-3-1-0-1-0-2-2,0.7584062814712524,0.0720013976097107,0.0867060835581347
9,1-0-2-1-0-3-1-0-1,8_1-0-2-1-0-3-1-0-1,0.3892264664173126,9_1-0-2-1-0-3-1-0-1-3,0.12065587937831879,0.26857058703899384,0.6900111123251406
9,1-0-2-1-0-3-1-0-1,8_1-0-2-1-0-3-1-0-1,0.3892264664173126,9_1-0-2-1-0-3-1-0-1-0,0.38892316818237305,0.0003032982349395752,0.0007792333284304241
9,1-0-2-1-0-3-1-0-1,8_1-0-2-1-0-3-1-0-1,0.3892264664173126,9_1-0-2-1-0-3-1-0-1-2,0.24369215965270996,0.14553430676460266,0.3739065025669831
9,1-0-2-1-0-3-1-0-1,8_1-0-2-1-0-3-1-0-1,0.3892264664173126,9_1-0-2-1-0-3-1-0-1-1,0.3840353190898895,0.005191147327423096,0.01333708721096412
9,1-0-2-3-2-0-3-0-1,8_1-0-2-3-2-0-3-0-1,0.804332971572876,9_1-0-2-3-2-0-3-0-1-1,0.7793078422546387,0.025025129318237305,0.031112897522155004
9,1-0-2-3-2-0-3-0-1,8_1-0-2-3-2-0-3-0-1,0.804332971572876,9_1-0-2-3-2-0-3-0-1-3,0.60992431640625,0.19440865516662598,0.24170171065654458
9,1-0-2-3-2-0-3-0-1,8_1-0-2-3-2-0-3-0-1,0.804332971572876,9_1-0-2-3-2-0-3-0-1-0,0.6409304141998291,0.16340255737304688,0.20315287716418312
9,1-0-2-3-2-0-3-0-1,8_1-0-2-3-2-0-3-0-1,0.804332971572876,9_1-0-2-3-2-0-3-0-1-2,0.5568241477012634,0.24750882387161255,0.30771935581306353
10,1-0-2-3-1-0-2-3-1-2,9_1-0-2-3-1-0-2-3-1-2,0.7093868255615234,10_1-0-2-3-1-0-2-3-1-2-4,0.5955409407615662,0.11384588479995728,0.16048491556047892
10,1-0-2-3-1-0-2-3-1-2,9_1-0-2-3-1-0-2-3-1-2,0.7093868255615234,10_1-0-2-3-1-0-2-3-1-2-3,0.8062219023704529,-0.09683507680892944,-0.1365053216660438
10,1-0-2-3-1-0-2-3-1-2,9_1-0-2-3-1-0-2-3-1-2,0.7093868255615234,10_1-0-2-3-1-0-2-3-1-2-2,0.5925884246826172,0.11679840087890625,0.16464698338096864
10,1-0-2-3-1-0-2-3-1-2,9_1-0-2-3-1-0-2-3-1-2,0.7093868255615234,10_1-0-2-3-1-0-2-3-1-2-1,0.5613868236541748,0.14800000190734863,0.2086308859629547
10,1-0-2-3-1-0-2-3-1-2,9_1-0-2-3-1-0-2-3-1-2,0.7093868255615234,10_1-0-2-3-1-0-2-3-1-2-0,0.6007152795791626,0.10867154598236084,0.15319081503429474
10,1-0-2-3-2-0-3-2-1-0,9_1-0-2-3-2-0-3-2-1-0,0.9045096635818481,10_1-0-2-3-2-0-3-2-1-0-3,0.903723418712616,0.0007862448692321777,0.0008692498277117979
10,1-0-2-3-2-0-3-2-1-0,9_1-0-2-3-2-0-3-2-1-0,0.9045096635818481,10_1-0-2-3-2-0-3-2-1-0-0,0.48529842495918274,0.4192112386226654,0.46346794899083066
10,1-0-2-3-2-0-3-2-1-0,9_1-0-2-3-2-0-3-2-1-0,0.9045096635818481,10_1-0-2-3-2-0-3-2-1-0-1,0.5271100997924805,0.3773995637893677,0.41724215780610857
10,1-0-2-3-2-0-3-2-1-0,9_1-0-2-3-2-0-3-2-1-0,0.9045096635818481,10_1-0-2-3-2-0-3-2-1-0-2,0.7021248936653137,0.20238476991653442,0.22375081004120287
10,1-0-2-3-1-1-1-0-2-0,9_1-0-2-3-1-1-1-0-2-0,0.4372601807117462,10_1-0-2-3-1-1-1-0-2-0-1,0.4249638020992279,0.01229637861251831,0.028121423250804575
10,1-0-2-3-1-1-1-0-2-0,9_1-0-2-3-1-1-1-0-2-0,0.4372601807117462,10_1-0-2-3-1-1-1-0-2-0-0,0.28926143050193787,0.14799875020980835,0.3384683919054892
10,1-0-2-3-1-1-1-0-2-0,9_1-0-2-3-1-1-1-0-2-0,0.4372601807117462,10_1-0-2-3-1-1-1-0-2-0-3,0.21778960525989532,0.2194705754518509,0.5019221624402426
10,1-0-2-3-1-1-1-0-2-0,9_1-0-2-3-1-1-1-0-2-0,0.4372601807117462,10_1-0-2-3-1-1-1-0-2-0-2,0.3332460820674896,0.10401409864425659,0.23787690540434897
10,1-0-2-3-2-0-3-2-1-3,9_1-0-2-3-2-0-3-2-1-3,0.812859058380127,10_1-0-2-3-2-0-3-2-1-3-2,0.5949596762657166,0.2178993821144104,0.2680653919864562
10,1-0-2-3-2-0-3-2-1-3,9_1-0-2-3-2-0-3-2-1-3,0.812859058380127,10_1-0-2-3-2-0-3-2-1-3-1,0.546939492225647,0.26591956615448,0.3271410503616789
10,1-0-2-3-2-0-3-2-1-3,9_1-0-2-3-2-0-3-2-1-3,0.812859058380127,10_1-0-2-3-2-0-3-2-1-3-0,0.13570205867290497,0.677156999707222,0.8330558572560742
10,1-0-2-3-2-0-3-2-1-3,9_1-0-2-3-2-0-3-2-1-3,0.812859058380127,10_1-0-2-3-2-0-3-2-1-3-3,0.43482235074043274,0.3780367076396942,0.465070424869287
10,1-0-2-3-2-1-2-1-1-3,9_1-0-2-3-2-1-2-1-1-3,0.3029685318470001,10_1-0-2-3-2-1-2-1-1-3-2,0.2925269603729248,0.010441571474075317,0.034464211218306784
10,1-0-2-3-2-1-2-1-1-3,9_1-0-2-3-2-1-2-1-1-3,0.3029685318470001,10_1-0-2-3-2-1-2-1-1-3-3,0.06762230396270752,0.2353462278842926,0.7768008989235325
10,1-0-2-3-2-1-2-1-1-3,9_1-0-2-3-2-1-2-1-1-3,0.3029685318470001,10_1-0-2-3-2-1-2-1-1-3-0,0.2476266622543335,0.055341869592666626,0.1826654050679244
10,1-0-2-3-2-1-2-1-1-3,9_1-0-2-3-2-1-2-1-1-3,0.3029685318470001,10_1-0-2-3-2-1-2-1-1-3-1,0.13144785165786743,0.1715206801891327,0.566133648083792
10,1-0-2-1-0-3-1-0-1-1,9_1-0-2-1-0-3-1-0-1-1,0.3840353190898895,10_1-0-2-1-0-3-1-0-1-1-0,0.3682289123535156,0.0158064067363739,0.04115873189432913
10,1-0-2-1-0-3-1-0-1-1,9_1-0-2-1-0-3-1-0-1-1,0.3840353190898895,10_1-0-2-1-0-3-1-0-1-1-1,0.4120727479457855,-0.028037428855895996,-0.07300742265669943
10,1-0-2-1-0-3-1-0-1-1,9_1-0-2-1-0-3-1-0-1-1,0.3840353190898895,10_1-0-2-1-0-3-1-0-1-1-2,0.12584979832172394,0.2581855207681656,0.6722962913411962
10,1-0-2-1-0-3-1-0-1-1,9_1-0-2-1-0-3-1-0-1-1,0.3840353190898895,10_1-0-2-1-0-3-1-0-1-1-3,0.1772576868534088,0.2067776322364807,0.5384338938577707
10,1-0-2-3-2-0-3-2-1-1,9_1-0-2-3-2-0-3-2-1-1,0.9059497714042664,10_1-0-2-3-2-0-3-2-1-1-0,0.883533775806427,0.022415995597839355,0.02474308875103911
10,1-0-2-3-2-0-3-2-1-1,9_1-0-2-3-2-0-3-2-1-1,0.9059497714042664,10_1-0-2-3-2-0-3-2-1-1-3,0.6824964284896851,0.2234533429145813,0.2466509181499298
10,1-0-2-3-2-0-3-2-1-1,9_1-0-2-3-2-0-3-2-1-1,0.9059497714042664,10_1-0-2-3-2-0-3-2-1-1-2,0.7337705492973328,0.1721792221069336,0.19005382808369983
10,1-0-2-3-2-0-3-2-1-1,9_1-0-2-3-2-0-3-2-1-1,0.9059497714042664,10_1-0-2-3-2-0-3-2-1-1-1,0.8444885015487671,0.06146126985549927,0.0678418073446073
10,1-0-2-3-2-0-3-2-1-2,9_1-0-2-3-2-0-3-2-1-2,0.746884822845459,10_1-0-2-3-2-0-3-2-1-2-0,0.5546642541885376,0.1922205686569214,0.25736306693795885
10,1-0-2-3-2-0-3-2-1-2,9_1-0-2-3-2-0-3-2-1-2,0.746884822845459,10_1-0-2-3-2-0-3-2-1-2-1,0.3159329295158386,0.43095189332962036,0.5769991304519926
10,1-0-2-3-2-0-3-2-1-2,9_1-0-2-3-2-0-3-2-1-2,0.746884822845459,10_1-0-2-3-2-0-3-2-1-2-2,0.5972171425819397,0.1496676802635193,0.20038923765155642
10,1-0-2-3-2-0-3-2-1-2,9_1-0-2-3-2-0-3-2-1-2,0.746884822845459,10_1-0-2-3-2-0-3-2-1-2-3,0.44831469655036926,0.2985701262950897,0.3997539073797301
0,,0,0.8942041397094727,0_0,0.9205673933029175,-0.026363253593444824,-0.029482365852175833
0,,0,0.8942041397094727,0_1,,,
0,,0,0.8942041397094727,0_2,,,
0,,0,0.8942041397094727,0_3,,,
